wavenumber,II1,III11,IV1
4000.364384,99.146024,99.437867,99.418241
3998.435568,99.156637,99.424602,99.40187
3996.506752,99.089328,99.375681,99.321543
3994.577936,99.052771,99.335382,99.300002
3992.64912,99.080651,99.344187,99.316787
3990.720304,99.125911,99.390638,99.354302
3988.791488,99.179582,99.418542,99.386962
3986.862672,99.183597,99.415842,99.377454
3984.933856,99.156005,99.418495,99.339119
3983.00504,99.157405,99.416379,99.308601
3981.076224,99.163982,99.423504,99.312319
3979.147408,99.159349,99.424986,99.344861
3977.218592,99.141927,99.420687,99.325904
3975.289776,99.13868,99.41968,99.321257
3973.36096,99.124074,99.40894,99.333598
3971.432144,99.140856,99.421089,99.326869
3969.503328,99.149866,99.437013,99.325422
3967.574512,99.175879,99.462032,99.330545
3965.645696,99.181374,99.453542,99.356252
3963.71688,99.158355,99.434417,99.374136
3961.788064,99.128373,99.43627,99.348843
3959.859248,99.134277,99.425959,99.31799
3957.930432,99.158204,99.427249,99.336534
3956.001616,99.174538,99.430962,99.313144
3954.0728,99.17085,99.459666,99.32667
3952.143984,99.175885,99.462897,99.379021
3950.215168,99.161209,99.401395,99.336768
3948.286352,99.133124,99.377545,99.279882
3946.357536,99.133497,99.403506,99.280921
3944.42872,99.141337,99.400953,99.270179
3942.499904,99.169853,99.416451,99.29901
3940.571088,99.181583,99.438073,99.347326
3938.642272,99.175697,99.449683,99.327852
3936.713456,99.147368,99.447218,99.340443
3934.78464,99.120848,99.416542,99.311176
3932.855824,99.082489,99.34998,99.220304
3930.927008,99.077115,99.330546,99.187725
3928.998192,99.06679,99.33987,99.198326
3927.069376,99.093272,99.397212,99.246
3925.14056,99.123281,99.414371,99.235689
3923.211744,99.155317,99.431395,99.215189
3921.282928,99.164262,99.459525,99.255383
3919.354112,99.152994,99.466676,99.313552
3917.425296,99.138611,99.408603,99.287105
3915.49648,99.107092,99.369997,99.247656
3913.567664,99.161992,99.491748,99.317237
3911.638848,99.21223,99.555868,99.393774
3909.710032,99.225765,99.517361,99.418712
3907.781216,99.195961,99.469185,99.351737
3905.8524,99.152071,99.369674,99.201074
3903.923584,99.080043,99.236955,98.982029
3901.994768,99.066238,99.237019,98.927479
3900.065952,99.103726,99.325901,99.001261
3898.137136,99.118157,99.338754,99.081232
3896.20832,99.156107,99.416755,99.177773
3894.279504,99.157131,99.475995,99.230069
3892.350688,99.141409,99.457957,99.206588
3890.421872,99.165183,99.425543,99.175596
3888.493056,99.185538,99.416717,99.194397
3886.56424,99.119876,99.361616,99.165367
3884.635424,99.066532,99.301704,99.099917
3882.706608,99.086918,99.34562,99.068149
3880.777792,99.106268,99.377647,99.052456
3878.848976,99.146424,99.392706,99.160516
3876.92016,99.172623,99.448184,99.252004
3874.991344,99.127976,99.399474,99.234788
3873.062528,99.123189,99.355675,99.204561
3871.133712,99.077052,99.308757,99.078622
3869.204896,99.066635,99.301552,99.031132
3867.27608,99.132142,99.309827,99.041531
3865.347264,99.116231,99.255982,98.994298
3863.418448,99.091659,99.280069,99.036426
3861.489632,99.147095,99.357152,99.180005
3859.560816,99.203427,99.393778,99.266974
3857.632,99.172745,99.381927,99.252407
3855.703184,99.179915,99.328056,99.202876
3853.774368,99.190255,99.240538,99.041939
3851.845552,99.105928,99.221068,98.867516
3849.916736,99.157362,99.304254,98.986049
3847.98792,99.236814,99.422123,99.20467
3846.059104,99.214312,99.432813,99.279431
3844.130288,99.192604,99.434642,99.272093
3842.201472,99.173985,99.428274,99.218479
3840.272656,99.09808,99.311631,99.047222
3838.34384,99.080644,99.297601,98.951926
3836.415024,99.135423,99.383554,99.019743
3834.486208,99.127128,99.391582,99.094902
3832.557392,99.119709,99.362615,99.114147
3830.628576,99.153487,99.378044,99.13231
3828.69976,99.175513,99.438046,99.179159
3826.770944,99.168652,99.429691,99.173748
3824.842128,99.186594,99.447962,99.200973
3822.913312,99.167606,99.413858,99.160758
3820.984496,99.08702,99.280986,99.018995
3819.05568,99.088184,99.257086,98.987793
3817.126864,99.087143,99.306142,99.06169
3815.198048,99.142812,99.390144,99.165713
3813.269232,99.213228,99.496496,99.303777
3811.340416,99.195507,99.548492,99.365757
3809.4116,99.158416,99.501459,99.349639
3807.482784,99.152648,99.430402,99.306124
3805.553968,99.166719,99.410258,99.26992
3803.625152,99.131025,99.333203,99.161015
3801.696336,99.123884,99.303678,99.057604
3799.76752,99.168583,99.399172,99.104881
3797.838704,99.195544,99.403494,99.159245
3795.909888,99.228917,99.443297,99.241584
3793.981072,99.250993,99.467002,99.317228
3792.052256,99.262156,99.516084,99.377535
3790.12344,99.242964,99.560924,99.413673
3788.194624,99.205505,99.539852,99.439031
3786.265808,99.160051,99.486403,99.373258
3784.336992,99.193936,99.470633,99.348746
3782.408176,99.256719,99.534147,99.387717
3780.47936,99.231564,99.528845,99.325064
3778.550544,99.203189,99.502348,99.28246
3776.621728,99.238851,99.503263,99.367919
3774.692912,99.268922,99.519882,99.458419
3772.764096,99.268045,99.526558,99.464561
3770.83528,99.186634,99.461755,99.33047
3768.906464,99.172436,99.458686,99.265035
3766.977648,99.245118,99.504722,99.298119
3765.048832,99.278103,99.521707,99.318911
3763.120016,99.257686,99.480994,99.325148
3761.1912,99.201199,99.455844,99.297994
3759.262384,99.160576,99.445377,99.216749
3757.333568,99.153335,99.41226,99.146982
3755.404752,99.204145,99.44335,99.145414
3753.475936,99.162186,99.40605,99.095381
3751.54712,99.041701,99.283447,98.929703
3749.618304,99.04136,99.224449,98.818016
3747.689488,99.043884,99.232669,98.793678
3745.760672,99.05171,99.25494,98.798561
3743.831856,99.155511,99.333696,98.929646
3741.90304,99.180748,99.329513,98.970222
3739.974224,99.165706,99.362601,99.041422
3738.045408,99.169739,99.340056,99.07854
3736.116592,99.101577,99.151478,98.862033
3734.187776,99.063409,99.113891,98.749088
3732.25896,99.084202,99.224925,98.884175
3730.330144,99.159196,99.331259,99.063034
3728.401328,99.17068,99.36458,99.166021
3726.472512,99.164844,99.349152,99.215718
3724.543696,99.181889,99.376754,99.252707
3722.61488,99.154729,99.382908,99.187401
3720.686064,99.142659,99.419546,99.166915
3718.757248,99.164039,99.465046,99.252336
3716.828432,99.154559,99.459318,99.309691
3714.899616,99.12643,99.424586,99.306303
3712.9708,99.120682,99.35645,99.227566
3711.041984,99.101558,99.286506,99.093157
3709.113168,99.119441,99.321975,99.06745
3707.184352,99.164455,99.425664,99.171495
3705.255536,99.183027,99.416828,99.274209
3703.32672,99.190255,99.37601,99.308384
3701.397904,99.147055,99.337075,99.282529
3699.469088,99.172643,99.333234,99.301916
3697.540272,99.220947,99.374203,99.362636
3695.611456,99.200404,99.426013,99.384065
3693.68264,99.147485,99.358155,99.308584
3691.753824,99.114015,99.260478,99.201134
3689.825008,99.039392,99.132237,99.049091
3687.896192,99.022826,99.144236,99.006199
3685.967376,99.06709,99.199323,99.124726
3684.03856,99.091202,99.231193,99.24765
3682.109744,99.097452,99.235476,99.282835
3680.180928,99.11642,99.23439,99.283665
3678.252112,99.090736,99.166277,99.222617
3676.323296,99.012066,98.999453,99.038578
3674.39448,98.847221,98.850205,98.870533
3672.465664,98.865855,98.859413,98.922492
3670.536848,98.87549,98.87703,98.922345
3668.608032,98.840894,98.909643,98.896139
3666.679216,98.853128,98.932808,98.96994
3664.7504,98.859637,98.955336,99.072789
3662.821584,98.903691,98.980813,99.187098
3660.892768,98.923306,98.968963,99.247529
3658.963952,98.880643,98.93271,99.232856
3657.035136,98.841536,98.874305,99.20951
3655.10632,98.788621,98.740376,99.154514
3653.177504,98.718854,98.635494,99.074491
3651.248688,98.594225,98.516921,98.903671
3649.319872,98.44582,98.355221,98.668975
3647.391056,98.358607,98.17337,98.518653
3645.46224,98.425166,98.228923,98.665052
3643.533424,98.496502,98.360586,98.864818
3641.604608,98.528459,98.435215,99.04722
3639.675792,98.468501,98.358564,99.064461
3637.746976,98.421048,98.279639,98.99949
3635.81816,98.416572,98.272238,98.993482
3633.889344,98.344509,98.207279,98.946114
3631.960528,98.243574,98.063676,98.877716
3630.031712,98.204622,97.950409,98.799051
3628.102896,98.205783,97.871831,98.714123
3626.17408,98.082412,97.755715,98.683073
3624.245264,98.009192,97.72862,98.762893
3622.316448,97.970386,97.720368,98.795025
3620.387632,97.89727,97.610584,98.68604
3618.458816,97.79228,97.432779,98.488602
3616.53,97.746198,97.359758,98.487771
3614.601184,97.762617,97.363118,98.568293
3612.672368,97.736331,97.336813,98.589482
3610.743552,97.654647,97.269969,98.567499
3608.814736,97.534408,97.139367,98.462791
3606.88592,97.491126,97.031587,98.423078
3604.957104,97.494878,97.014176,98.564807
3603.028288,97.419331,96.987801,98.651907
3601.099472,97.314088,96.921998,98.603776
3599.170656,97.240907,96.838498,98.538517
3597.24184,97.155152,96.746376,98.491361
3595.313024,97.088328,96.667217,98.410459
3593.384208,97.002291,96.550042,98.370727
3591.455392,96.945478,96.486415,98.405146
3589.526576,96.915575,96.426501,98.361846
3587.59776,96.797378,96.249098,98.16423
3585.668944,96.694248,96.041114,98.103641
3583.740128,96.629052,95.977852,98.188174
3581.811312,96.593963,95.989586,98.276746
3579.882496,96.535681,95.961935,98.331402
3577.95368,96.395646,95.845643,98.317573
3576.024864,96.261717,95.748287,98.24363
3574.096048,96.180599,95.627758,98.182493
3572.167232,96.138237,95.505815,98.159806
3570.238416,96.031614,95.400638,98.083429
3568.3096,95.889073,95.257974,97.896056
3566.380784,95.731654,95.014207,97.678792
3564.451968,95.663567,94.852795,97.674785
3562.523152,95.613631,94.785723,97.788268
3560.594336,95.558975,94.750168,97.834678
3558.66552,95.508544,94.748757,97.875275
3556.736704,95.395532,94.647723,97.84345
3554.807888,95.269798,94.471287,97.757376
3552.879072,95.140839,94.282379,97.647251
3550.950256,95.075994,94.149029,97.590329
3549.02144,95.027975,94.094259,97.592979
3547.092624,94.910384,93.951332,97.475443
3545.163808,94.75356,93.745964,97.344738
3543.234992,94.642835,93.608147,97.316622
3541.306176,94.533073,93.54373,97.347139
3539.37736,94.441042,93.468073,97.347613
3537.448544,94.348788,93.333102,97.227258
3535.519728,94.238052,93.17245,97.128831
3533.590912,94.177824,93.0654,97.151018
3531.662096,94.092363,92.954607,97.149917
3529.73328,93.972111,92.816403,97.057087
3527.804464,93.858698,92.676416,96.978342
3525.875648,93.739539,92.534229,96.862479
3523.946832,93.639152,92.421248,96.749409
3522.018016,93.5562,92.30182,96.735442
3520.0892,93.483988,92.203756,96.764061
3518.160384,93.408264,92.134053,96.753638
3516.231568,93.325536,92.014597,96.741387
3514.302752,93.248334,91.919359,96.756438
3512.373936,93.15952,91.830846,96.7369
3510.44512,93.029899,91.688342,96.654286
3508.516304,92.889486,91.53496,96.57142
3506.587488,92.799431,91.44316,96.546558
3504.658672,92.728906,91.355726,96.502778
3502.729856,92.603432,91.232603,96.407562
3500.80104,92.515727,91.1139,96.358073
3498.872224,92.515173,91.055652,96.424319
3496.943408,92.47088,90.986974,96.456124
3495.014592,92.348221,90.932346,96.450144
3493.085776,92.259712,90.852993,96.426094
3491.15696,92.209029,90.73643,96.441618
3489.228144,92.104505,90.651373,96.432956
3487.299328,92.024214,90.562257,96.365049
3485.370512,91.988005,90.455465,96.364748
3483.441696,91.88633,90.354264,96.367978
3481.51288,91.78222,90.249197,96.291314
3479.584064,91.712798,90.145509,96.26465
3477.655248,91.639579,90.064374,96.285291
3475.726432,91.614109,90.038599,96.294129
3473.797616,91.5532,90.004674,96.323669
3471.8688,91.483252,89.965419,96.353158
3469.939984,91.401627,89.857636,96.292992
3468.011168,91.354021,89.739294,96.24218
3466.082352,91.291513,89.658133,96.212482
3464.153536,91.200088,89.574099,96.198224
3462.22472,91.091522,89.479667,96.186038
3460.295904,91.009678,89.402953,96.211584
3458.367088,90.973356,89.369023,96.239329
3456.438272,90.903992,89.316507,96.215731
3454.509456,90.837296,89.223366,96.210046
3452.58064,90.801446,89.13488,96.22867
3450.651824,90.726877,89.052211,96.237519
3448.723008,90.658938,89.012042,96.212301
3446.794192,90.612217,88.923915,96.156762
3444.865376,90.537903,88.778609,96.122455
3442.93656,90.463694,88.719364,96.085099
3441.007744,90.415415,88.658879,96.138353
3439.078928,90.356885,88.593725,96.197667
3437.150112,90.323454,88.561175,96.208568
3435.221296,90.248854,88.486278,96.182747
3433.29248,90.190527,88.419306,96.165934
3431.363664,90.132548,88.358994,96.175506
3429.434848,90.056079,88.261218,96.13137
3427.506032,90.000409,88.202636,96.117292
3425.577216,89.961983,88.137213,96.15654
3423.6484,89.892955,88.062295,96.133674
3421.719584,89.809978,88.009698,96.103465
3419.790768,89.735221,87.932217,96.102318
3417.861952,89.672882,87.861772,96.133557
3415.933136,89.62426,87.781855,96.130489
3414.00432,89.577986,87.73798,96.098339
3412.075504,89.533126,87.697169,96.056878
3410.146688,89.492418,87.608698,96.046419
3408.217872,89.433647,87.558263,96.049651
3406.289056,89.371613,87.526788,96.0655
3404.36024,89.353154,87.496908,96.058544
3402.431424,89.321292,87.441347,96.037192
3400.502608,89.251327,87.346011,96.001251
3398.573792,89.172847,87.255483,95.955038
3396.644976,89.103078,87.184572,95.938488
3394.71616,89.036623,87.11262,95.966877
3392.787344,88.992806,87.085406,95.967443
3390.858528,88.966601,87.036725,95.939559
3388.929712,88.920488,86.99988,95.932167
3387.000896,88.852922,86.958173,95.937981
3385.07208,88.848249,86.921308,95.988151
3383.143264,88.81553,86.887621,96.001772
3381.214448,88.764433,86.833145,95.982256
3379.285632,88.734187,86.77526,95.990048
3377.356816,88.70065,86.729855,95.994101
3375.428,88.675516,86.724437,96.017934
3373.499184,88.659756,86.684483,96.002017
3371.570368,88.649462,86.642134,96.010487
3369.641552,88.566754,86.602634,95.975651
3367.712736,88.48434,86.566848,95.931234
3365.78392,88.475213,86.547047,95.951605
3363.855104,88.478046,86.503647,95.969703
3361.926288,88.419587,86.433235,95.961381
3359.997472,88.407575,86.385736,95.942731
3358.068656,88.393142,86.352518,95.941216
3356.13984,88.368139,86.331439,95.951254
3354.211024,88.324968,86.3219,95.937688
3352.282208,88.293116,86.304991,95.907646
3350.353392,88.28838,86.287744,95.937906
3348.424576,88.278603,86.271727,95.966236
3346.49576,88.271317,86.258178,95.982026
3344.566944,88.265423,86.229091,95.990086
3342.638128,88.226502,86.172414,95.983454
3340.709312,88.219506,86.162213,95.975272
3338.780496,88.189693,86.144039,95.946753
3336.85168,88.148505,86.118031,95.927351
3334.922864,88.154399,86.119414,95.942335
3332.994048,88.121945,86.096674,95.924078
3331.065232,88.08712,86.081462,95.886725
3329.136416,88.09251,86.087322,95.891905
3327.2076,88.116395,86.078155,95.89142
3325.278784,88.138294,86.091534,95.914004
3323.349968,88.1192,86.107081,95.944654
3321.421152,88.107058,86.0783,95.94429
3319.492336,88.109404,86.061007,95.939719
3317.56352,88.103384,86.052526,95.97331
3315.634704,88.08872,86.045292,95.991727
3313.705888,88.13277,86.071975,95.989009
3311.777072,88.142509,86.053447,95.971064
3309.848256,88.100972,86.033429,95.917174
3307.91944,88.088888,86.027342,95.875597
3305.990624,88.12125,86.030835,95.904845
3304.061808,88.127066,86.014329,95.954596
3302.132992,88.116753,86.028805,95.973069
3300.204176,88.111649,86.040302,95.984563
3298.27536,88.116509,86.047305,95.994383
3296.346544,88.1188,86.048396,96.002304
3294.417728,88.108945,86.056505,95.991797
3292.488912,88.116111,86.065371,95.969398
3290.560096,88.113578,86.081029,95.998809
3288.63128,88.129679,86.082091,96.025043
3286.702464,88.160522,86.078685,96.026728
3284.773648,88.180728,86.121175,96.06565
3282.844832,88.170376,86.138517,96.069803
3280.916016,88.17745,86.123691,96.043881
3278.9872,88.167135,86.134992,96.035144
3277.058384,88.173897,86.160982,96.03268
3275.129568,88.236869,86.181248,96.058114
3273.200752,88.257763,86.158702,96.055955
3271.271936,88.253112,86.166471,96.073707
3269.34312,88.279325,86.197165,96.08094
3267.414304,88.303813,86.234715,96.090779
3265.485488,88.317759,86.259045,96.118349
3263.556672,88.342574,86.293898,96.105326
3261.627856,88.376892,86.325616,96.09859
3259.69904,88.381658,86.308191,96.112415
3257.770224,88.379591,86.333806,96.126992
3255.841408,88.408574,86.393216,96.127872
3253.912592,88.439749,86.406384,96.11534
3251.983776,88.493677,86.413339,96.146114
3250.05496,88.537074,86.42258,96.171559
3248.126144,88.575871,86.479059,96.191413
3246.197328,88.58844,86.524268,96.190904
3244.268512,88.614568,86.553773,96.237596
3242.339696,88.664847,86.620454,96.245076
3240.41088,88.678815,86.648471,96.20197
3238.482064,88.733116,86.662666,96.220775
3236.553248,88.760055,86.674988,96.243102
3234.624432,88.742897,86.698214,96.225686
3232.695616,88.809351,86.779944,96.253474
3230.7668,88.906839,86.853802,96.287109
3228.837984,88.940655,86.891058,96.299194
3226.909168,88.968399,86.923901,96.308754
3224.980352,88.992565,86.960858,96.320478
3223.051536,89.04755,87.001883,96.312852
3221.12272,89.111332,87.079958,96.343666
3219.193904,89.144667,87.14302,96.384262
3217.265088,89.204834,87.182433,96.394817
3215.336272,89.263936,87.215799,96.406381
3213.407456,89.282688,87.235202,96.398144
3211.47864,89.300733,87.255427,96.390029
3209.549824,89.347108,87.318234,96.364995
3207.621008,89.440197,87.417213,96.418479
3205.692192,89.499833,87.475805,96.463655
3203.763376,89.538706,87.51601,96.448086
3201.83456,89.582317,87.584946,96.463992
3199.905744,89.624477,87.649399,96.497978
3197.976928,89.694038,87.712465,96.509184
3196.048112,89.749287,87.773023,96.520598
3194.119296,89.796533,87.822477,96.543082
3192.19048,89.888073,87.897039,96.560991
3190.261664,89.963491,87.995498,96.58818
3188.332848,90.03065,88.080664,96.616256
3186.404032,90.064755,88.127209,96.645858
3184.475216,90.11607,88.162181,96.648887
3182.5464,90.194192,88.229479,96.648067
3180.617584,90.239959,88.315944,96.665771
3178.688768,90.328133,88.407271,96.712276
3176.759952,90.409377,88.502389,96.781987
3174.831136,90.454916,88.561224,96.814097
3172.90232,90.497938,88.586324,96.810326
3170.973504,90.549612,88.674093,96.829012
3169.044688,90.646988,88.8158,96.832921
3167.115872,90.740274,88.921508,96.885565
3165.187056,90.790678,88.984239,96.909764
3163.25824,90.85703,89.057874,96.905915
3161.329424,90.945014,89.127123,96.9432
3159.400608,91.009524,89.201952,96.95583
3157.471792,91.059354,89.289401,96.939278
3155.542976,91.116179,89.360007,96.946647
3153.61416,91.174365,89.42114,96.953794
3151.685344,91.282354,89.52137,97.005417
3149.756528,91.363191,89.623407,97.05817
3147.827712,91.39121,89.662886,97.024101
3145.898896,91.429627,89.701843,97.021921
3143.97008,91.507214,89.784135,97.094703
3142.041264,91.606479,89.895016,97.148373
3140.112448,91.679115,89.985569,97.144731
3138.183632,91.722102,90.024511,97.130076
3136.254816,91.797367,90.093997,97.161556
3134.326,91.8503,90.159739,97.166798
3132.397184,91.916886,90.252279,97.189219
3130.468368,92.014814,90.363277,97.255825
3128.539552,92.0746,90.434858,97.270192
3126.610736,92.115141,90.481982,97.244933
3124.68192,92.183114,90.520078,97.255017
3122.753104,92.259153,90.597892,97.297146
3120.824288,92.29749,90.671517,97.318158
3118.895472,92.382804,90.766888,97.354142
3116.966656,92.499068,90.901395,97.403147
3115.03784,92.56792,90.97294,97.429305
3113.109024,92.586153,90.991708,97.422933
3111.180208,92.60545,91.033567,97.402917
3109.251392,92.681931,91.09069,97.419949
3107.322576,92.754617,91.158196,97.450562
3105.39376,92.820125,91.247472,97.463896
3103.464944,92.871077,91.317905,97.473381
3101.536128,92.907791,91.367114,97.481432
3099.607312,92.983138,91.452427,97.517744
3097.678496,93.035325,91.528589,97.553915
3095.74968,93.08216,91.595071,97.554372
3093.820864,93.133589,91.639813,97.542215
3091.892048,93.201005,91.706111,97.561746
3089.963232,93.260381,91.795471,97.591595
3088.034416,93.307256,91.849809,97.596961
3086.1056,93.36341,91.914222,97.594986
3084.176784,93.394176,91.965354,97.595163
3082.247968,93.450475,92.029238,97.626108
3080.319152,93.532391,92.100253,97.630554
3078.390336,93.592197,92.178247,97.650737
3076.46152,93.621599,92.218176,97.655543
3074.532704,93.654798,92.246403,97.651672
3072.603888,93.704409,92.302334,97.687932
3070.675072,93.745013,92.388629,97.718676
3068.746256,93.783824,92.46707,97.734188
3066.81744,93.858998,92.540329,97.747631
3064.888624,93.913279,92.587434,97.74496
3062.959808,93.941206,92.602905,97.736612
3061.030992,94.01022,92.673411,97.762325
3059.102176,94.068855,92.734979,97.773348
3057.17336,94.122491,92.792636,97.77788
3055.244544,94.134264,92.823468,97.761886
3053.315728,94.148059,92.870303,97.747475
3051.386912,94.209236,92.95195,97.765839
3049.458096,94.256363,93.023632,97.797305
3047.52928,94.282577,93.049564,97.815954
3045.600464,94.322067,93.045334,97.813548
3043.671648,94.401736,93.098262,97.826619
3041.742832,94.475312,93.193727,97.865057
3039.814016,94.507619,93.232774,97.873174
3037.8852,94.518086,93.261683,97.871631
3035.956384,94.536554,93.306187,97.854984
3034.027568,94.582032,93.342378,97.831139
3032.098752,94.62022,93.393391,97.835527
3030.169936,94.616127,93.407637,97.815423
3028.24112,94.636127,93.42235,97.798677
3026.312304,94.688636,93.46738,97.818063
3024.383488,94.690143,93.497305,97.808351
3022.454672,94.70198,93.514869,97.776562
3020.525856,94.735909,93.526023,97.760982
3018.59704,94.729645,93.547501,97.708672
3016.668224,94.734668,93.553319,97.657306
3014.739408,94.75347,93.541085,97.637037
3012.810592,94.749477,93.53154,97.621018
3010.881776,94.739286,93.530451,97.592212
3008.95296,94.726914,93.506729,97.533036
3007.024144,94.756922,93.494346,97.49226
3005.095328,94.77666,93.496267,97.465753
3003.166512,94.753735,93.449355,97.396235
3001.237696,94.713048,93.365751,97.317683
2999.30888,94.661612,93.291823,97.24772
2997.380064,94.618779,93.239912,97.154808
2995.451248,94.57601,93.156153,97.035445
2993.522432,94.515999,93.027457,96.891791
2991.593616,94.425785,92.906392,96.731232
2989.6648,94.341916,92.786591,96.56127
2987.735984,94.275308,92.602721,96.384512
2985.807168,94.200572,92.41372,96.203951
2983.878352,94.083277,92.189751,95.977508
2981.949536,93.939565,91.928657,95.681136
2980.02072,93.793449,91.632381,95.344912
2978.091904,93.587369,91.247112,94.932436
2976.163088,93.338205,90.826697,94.445845
2974.234272,93.109786,90.391627,93.903929
2972.305456,92.809681,89.833801,93.264539
2970.37664,92.415758,89.148536,92.513866
2968.447824,92.029536,88.445964,91.689931
2966.519008,91.668724,87.744053,90.863164
2964.590192,91.282891,87.037912,90.076177
2962.661376,90.944113,86.471506,89.439721
2960.73256,90.718614,86.061814,89.039845
2958.803744,90.600663,85.908929,88.959732
2956.874928,90.606342,86.046791,89.233697
2954.946112,90.724476,86.38129,89.756596
2953.017296,90.893443,86.825113,90.44306
2951.08848,91.027757,87.229807,91.072321
2949.159664,91.087405,87.49647,91.523966
2947.230848,91.130292,87.6515,91.84533
2945.302032,91.088416,87.657909,91.997998
2943.373216,90.932665,87.49305,91.956717
2941.4444,90.746319,87.227212,91.767863
2939.515584,90.550212,86.926654,91.488737
2937.586768,90.349813,86.59329,91.214746
2935.657952,90.148633,86.292159,90.970718
2933.729136,89.998067,86.067149,90.860104
2931.80032,89.909003,85.983738,90.90859
2929.871504,89.886835,86.053987,91.069862
2927.942688,89.904423,86.154313,91.313225
2926.013872,89.965854,86.28723,91.626128
2924.085056,90.050158,86.461469,91.950317
2922.15624,90.155362,86.673393,92.267562
2920.227424,90.239438,86.866115,92.531786
2918.298608,90.311401,87.013124,92.724113
2916.369792,90.450042,87.235123,92.923915
2914.440976,90.647016,87.549771,93.153135
2912.51216,90.893977,87.912599,93.373218
2910.583344,91.096882,88.235009,93.53948
2908.654528,91.276172,88.513702,93.701387
2906.725712,91.453146,88.777559,93.879164
2904.796896,91.573826,88.979229,94.024163
2902.86808,91.657741,89.108802,94.131377
2900.939264,91.764177,89.281162,94.247124
2899.010448,91.855265,89.430691,94.373683
2897.081632,91.951176,89.559137,94.518616
2895.152816,92.042382,89.717719,94.658875
2893.224,92.134071,89.92551,94.830706
2891.295184,92.240012,90.133978,95.016516
2889.366368,92.325496,90.265643,95.108136
2887.437552,92.407053,90.364784,95.16018
2885.508736,92.472632,90.429898,95.15858
2883.57992,92.467111,90.369002,95.01453
2881.651104,92.429034,90.205147,94.736104
2879.722288,92.337575,89.964044,94.337225
2877.793472,92.208579,89.639026,93.866204
2875.864656,92.117503,89.370925,93.470931
2873.93584,92.128268,89.31525,93.326068
2872.007024,92.246439,89.464877,93.461999
2870.078208,92.418336,89.751436,93.750895
2868.149392,92.580384,90.073851,94.077661
2866.220576,92.728964,90.368775,94.398064
2864.29176,92.873006,90.628109,94.689032
2862.362944,93.000316,90.877722,94.960491
2860.434128,93.118952,91.100508,95.212949
2858.505312,93.214616,91.278786,95.414075
2856.576496,93.250438,91.390949,95.555349
2854.64768,93.283505,91.451534,95.687102
2852.718864,93.320537,91.509734,95.802946
2850.790048,93.322886,91.540196,95.907847
2848.861232,93.403143,91.662303,96.043782
2846.932416,93.618165,91.981768,96.26342
2845.0036,93.87871,92.37866,96.509481
2843.074784,94.11538,92.748054,96.738236
2841.145968,94.308637,93.05759,96.966075
2839.217152,94.444981,93.314738,97.153778
2837.288336,94.56633,93.526517,97.299548
2835.35952,94.66944,93.688028,97.405243
2833.430704,94.757255,93.821305,97.492566
2831.501888,94.828637,93.950288,97.55957
2829.573072,94.905209,94.052915,97.630386
2827.644256,95.006598,94.169565,97.723321
2825.71544,95.082186,94.252502,97.784778
2823.786624,95.102759,94.316338,97.811193
2821.857808,95.119704,94.39893,97.838802
2819.928992,95.179026,94.482645,97.877524
2818.000176,95.254887,94.568138,97.925636
2816.07136,95.307365,94.629274,97.972262
2814.142544,95.311735,94.639452,97.990453
2812.213728,95.361784,94.694324,98.005882
2810.284912,95.433138,94.77043,98.050032
2808.356096,95.446524,94.823445,98.073636
2806.42728,95.462208,94.86889,98.082823
2804.498464,95.521368,94.932762,98.118218
2802.569648,95.58168,94.980909,98.154949
2800.640832,95.596878,95.008975,98.168802
2798.712016,95.628725,95.046217,98.198181
2796.7832,95.687429,95.119433,98.236777
2794.854384,95.70715,95.161693,98.263044
2792.925568,95.711354,95.177416,98.271671
2790.996752,95.727638,95.210143,98.268601
2789.067936,95.765253,95.249871,98.291663
2787.13912,95.785291,95.28885,98.324491
2785.210304,95.788134,95.293938,98.314066
2783.281488,95.812545,95.315558,98.322802
2781.352672,95.836261,95.356021,98.345922
2779.423856,95.852483,95.3866,98.351419
2777.49504,95.858006,95.400052,98.352253
2775.566224,95.89037,95.41691,98.361192
2773.637408,95.917258,95.442332,98.367217
2771.708592,95.934334,95.459373,98.369907
2769.779776,95.945336,95.468448,98.367618
2767.85096,95.938779,95.487773,98.374016
2765.922144,95.965072,95.538325,98.42132
2763.993328,95.9806,95.556875,98.418282
2762.064512,95.975034,95.562621,98.413756
2760.135696,95.99774,95.581474,98.429638
2758.20688,96.022199,95.584236,98.426095
2756.278064,96.02377,95.578659,98.402882
2754.349248,96.032118,95.584543,98.385456
2752.420432,96.066749,95.599707,98.399506
2750.491616,96.081892,95.623746,98.421782
2748.5628,96.072145,95.630117,98.412974
2746.633984,96.076952,95.628724,98.404044
2744.705168,96.101361,95.641762,98.404474
2742.776352,96.109256,95.651907,98.410586
2740.847536,96.115012,95.67028,98.407236
2738.91872,96.142106,95.698395,98.409149
2736.989904,96.170797,95.704837,98.422565
2735.061088,96.168783,95.714096,98.431689
2733.132272,96.161483,95.727568,98.435396
2731.203456,96.172145,95.727481,98.422143
2729.27464,96.203483,95.754978,98.437862
2727.345824,96.216082,95.804045,98.473488
2725.417008,96.232426,95.835982,98.487413
2723.488192,96.244023,95.849041,98.472649
2721.559376,96.243779,95.859778,98.470948
2719.63056,96.255699,95.89139,98.486614
2717.701744,96.272921,95.918473,98.508276
2715.772928,96.307523,95.927438,98.516192
2713.844112,96.327055,95.937458,98.514875
2711.915296,96.338361,95.97719,98.538534
2709.98648,96.354657,96.006525,98.557776
2708.057664,96.373423,96.023811,98.582326
2706.128848,96.368709,96.030349,98.581574
2704.200032,96.374043,96.035053,98.583013
2702.271216,96.39381,96.031203,98.586975
2700.3424,96.399374,96.04024,98.577426
2698.413584,96.414913,96.068269,98.580872
2696.484768,96.438769,96.095704,98.592223
2694.555952,96.44479,96.107054,98.577978
2692.627136,96.435526,96.105927,98.565376
2690.69832,96.447561,96.11382,98.591283
2688.769504,96.466007,96.127286,98.610055
2686.840688,96.47858,96.136144,98.609547
2684.911872,96.472105,96.141512,98.600504
2682.983056,96.464843,96.149241,98.579033
2681.05424,96.473222,96.170028,98.567698
2679.125424,96.476659,96.188197,98.569392
2677.196608,96.496971,96.208185,98.579015
2675.267792,96.528381,96.218496,98.593014
2673.338976,96.52854,96.219323,98.599488
2671.41016,96.512361,96.190946,98.586723
2669.481344,96.536898,96.208326,98.595113
2667.552528,96.557636,96.236036,98.604905
2665.623712,96.551284,96.251972,98.612189
2663.694896,96.559004,96.275968,98.627476
2661.76608,96.580903,96.282439,98.645344
2659.837264,96.565124,96.261706,98.640854
2657.908448,96.556709,96.262853,98.641651
2655.979632,96.543221,96.27897,98.63675
2654.050816,96.537959,96.297122,98.637391
2652.122,96.540492,96.307712,98.645287
2650.193184,96.533121,96.309903,98.652003
2648.264368,96.544435,96.314137,98.663478
2646.335552,96.577346,96.343104,98.674156
2644.406736,96.575742,96.358959,98.66691
2642.47792,96.563305,96.353182,98.653158
2640.549104,96.574947,96.364039,98.664686
2638.620288,96.592707,96.386026,98.68406
2636.691472,96.601159,96.383105,98.666273
2634.762656,96.602363,96.391494,98.657541
2632.83384,96.583675,96.394247,98.664499
2630.905024,96.579987,96.430717,98.673191
2628.976208,96.607922,96.458354,98.692515
2627.047392,96.62958,96.466715,98.704027
2625.118576,96.645048,96.477795,98.710672
2623.18976,96.672716,96.487573,98.72755
2621.260944,96.683701,96.486508,98.707181
2619.332128,96.663239,96.506218,98.681715
2617.403312,96.65198,96.524762,98.686386
2615.474496,96.65444,96.53857,98.690688
2613.54568,96.662059,96.587274,98.698824
2611.616864,96.684884,96.623518,98.716512
2609.688048,96.6933,96.578322,98.721164
2607.759232,96.696995,96.568028,98.721153
2605.830416,96.70935,96.586537,98.728106
2603.9016,96.704788,96.605585,98.731968
2601.972784,96.705312,96.633397,98.756206
2600.043968,96.699551,96.625905,98.728446
2598.115152,96.757029,96.64453,98.722919
2596.186336,96.782895,96.659033,98.733544
2594.25752,96.756371,96.637557,98.711586
2592.328704,96.767462,96.641038,98.706762
2590.399888,96.767658,96.652935,98.722337
2588.471072,96.770772,96.654159,98.73366
2586.542256,96.796249,96.681767,98.768675
2584.61344,96.805909,96.6992,98.768969
2582.684624,96.807195,96.704329,98.732597
2580.755808,96.793814,96.71551,98.715994
2578.826992,96.797117,96.706086,98.741563
2576.898176,96.828606,96.751682,98.771331
2574.96936,96.832266,96.756928,98.765698
2573.040544,96.833125,96.766856,98.757823
2571.111728,96.835565,96.804473,98.800367
2569.182912,96.856907,96.830846,98.830257
2567.254096,96.882011,96.829397,98.786553
2565.32528,96.868799,96.826879,98.779754
2563.396464,96.852221,96.814146,98.797267
2561.467648,96.853485,96.84287,98.795374
2559.538832,96.873079,96.872925,98.784805
2557.610016,96.913687,96.892382,98.816494
2555.6812,96.923283,96.893899,98.838052
2553.752384,96.887107,96.911952,98.825383
2551.823568,96.866655,96.92435,98.78221
2549.894752,96.913815,96.929686,98.808992
2547.965936,96.987523,96.968763,98.865004
2546.03712,96.973243,97.005635,98.863707
2544.108304,96.930026,96.998452,98.850591
2542.179488,96.955353,96.999828,98.8628
2540.250672,96.979171,97.013913,98.877828
2538.321856,96.991177,96.986853,98.875566
2536.39304,96.997962,96.964062,98.857157
2534.464224,97.042244,96.998065,98.868992
2532.535408,97.03459,96.998959,98.836878
2530.606592,97.017672,97.002259,98.805178
2528.677776,97.028503,97.022208,98.804323
2526.74896,97.05365,97.057827,98.818466
2524.820144,97.066877,97.087951,98.874169
2522.891328,97.087648,97.085365,98.903767
2520.962512,97.080231,97.080986,98.889393
2519.033696,97.068825,97.106065,98.889114
2517.10488,97.057048,97.087803,98.85878
2515.176064,97.054558,97.083744,98.853219
2513.247248,97.109638,97.143103,98.896386
2511.318432,97.149492,97.172976,98.895762
2509.389616,97.142951,97.174777,98.888813
2507.4608,97.156003,97.183898,98.916474
2505.531984,97.133892,97.161674,98.923994
2503.603168,97.164279,97.199538,98.929795
2501.674352,97.237538,97.255094,98.900493
2499.745536,97.257313,97.283674,98.904032
2497.81672,97.280415,97.320686,98.942389
2495.887904,97.309475,97.347259,98.966451
2493.959088,97.28395,97.288949,98.936509
2492.030272,97.287172,97.30746,98.95536
2490.101456,97.292108,97.381259,98.986301
2488.17264,97.28932,97.377413,98.956543
2486.243824,97.293002,97.344472,98.959856
2484.315008,97.322843,97.369963,99.003792
2482.386192,97.356611,97.387668,98.991697
2480.457376,97.347485,97.387489,98.971137
2478.52856,97.355567,97.401684,98.985089
2476.599744,97.378202,97.416337,98.988055
2474.670928,97.396612,97.425356,98.969457
2472.742112,97.383357,97.447849,98.965158
2470.813296,97.39878,97.471582,98.975029
2468.88448,97.46267,97.518337,99.008152
2466.955664,97.486826,97.536279,99.024039
2465.026848,97.476063,97.524721,99.02106
2463.098032,97.479534,97.535704,99.022398
2461.169216,97.480822,97.548273,99.036039
2459.2404,97.4858,97.546226,99.02908
2457.311584,97.511684,97.564284,99.012471
2455.382768,97.496342,97.547716,98.995335
2453.453952,97.505174,97.556527,99.023965
2451.525136,97.526487,97.572714,99.040379
2449.59632,97.543561,97.563596,99.037493
2447.667504,97.565683,97.573732,99.008965
2445.738688,97.550125,97.593129,98.992718
2443.809872,97.549222,97.614053,98.997467
2441.881056,97.559682,97.646943,99.011636
2439.95224,97.553735,97.675381,99.010698
2438.023424,97.610289,97.717455,99.03482
2436.094608,97.690149,97.75101,99.076557
2434.165792,97.697814,97.742965,99.089413
2432.236976,97.694836,97.759111,99.094118
2430.30816,97.715335,97.806724,99.097164
2428.379344,97.705873,97.814548,99.100907
2426.450528,97.704862,97.785057,99.110102
2424.521712,97.707272,97.804148,99.125093
2422.592896,97.73765,97.866197,99.131131
2420.66408,97.763366,97.854454,99.105389
2418.735264,97.787161,97.841266,99.106014
2416.806448,97.823663,97.880839,99.122666
2414.877632,97.789104,97.867372,99.097811
2412.948816,97.763861,97.862475,99.104804
2411.02,97.78318,97.909684,99.129352
2409.091184,97.801494,97.918525,99.110009
2407.162368,97.807998,97.900492,99.10249
2405.233552,97.840862,97.926299,99.113388
2403.304736,97.877161,97.964057,99.11822
2401.37592,97.877366,97.988996,99.146381
2399.447104,97.895977,98.022041,99.17183
2397.518288,97.922209,98.032624,99.156004
2395.589472,97.905317,98.010826,99.114884
2393.660656,97.882902,97.989717,99.115937
2391.73184,97.890469,98.004414,99.141919
2389.803024,97.924178,98.014659,99.149723
2387.874208,97.95814,98.018349,99.124964
2385.945392,97.965588,98.023519,99.103112
2384.016576,97.953696,98.03192,99.068205
2382.08776,98.000666,98.067952,99.058391
2380.158944,98.071717,98.123173,99.075832
2378.230128,98.080271,98.137162,99.054616
2376.301312,98.062731,98.173335,99.05398
2374.372496,98.126676,98.225916,99.079933
2372.44368,98.240265,98.26641,99.11178
2370.514864,98.27374,98.332682,99.078328
2368.586048,98.273358,98.401608,99.049933
2366.657232,98.271207,98.475468,99.139482
2364.728416,98.476879,98.647955,99.304774
2362.7996,98.562914,98.681154,99.223416
2360.870784,98.472627,98.64551,99.134894
2358.941968,98.361701,98.484142,99.001654
2357.013152,98.508133,98.563831,99.092851
2355.084336,98.499544,98.609121,99.03842
2353.15552,98.293813,98.438717,98.872733
2351.226704,98.149561,98.263554,98.878969
2349.297888,98.128077,98.174448,98.951892
2347.369072,98.225041,98.242857,99.04979
2345.440256,98.345639,98.398999,99.069727
2343.51144,98.403072,98.487613,99.038653
2341.582624,98.365393,98.533457,99.025433
2339.653808,98.318743,98.535306,99.030212
2337.724992,98.349257,98.496094,99.049021
2335.796176,98.383105,98.462022,99.069091
2333.86736,98.373497,98.493258,99.047387
2331.938544,98.295087,98.442878,98.924279
2330.009728,98.281405,98.421098,98.934795
2328.080912,98.223132,98.329155,98.904803
2326.152096,98.130008,98.238635,98.87055
2324.22328,98.002559,98.118433,98.844728
2322.294464,97.957601,98.087962,98.813415
2320.365648,98.007512,98.125753,98.837962
2318.436832,98.036852,98.158503,98.881451
2316.508016,98.044891,98.14849,98.86321
2314.5792,98.125394,98.186359,98.896644
2312.650384,98.146743,98.169694,98.915409
2310.721568,98.123567,98.153481,98.950719
2308.792752,98.107777,98.178567,98.977571
2306.863936,98.106619,98.21666,98.946788
2304.93512,98.091063,98.237492,98.975571
2303.006304,98.105857,98.22835,99.037204
2301.077488,98.113686,98.184939,99.054126
2299.148672,98.146896,98.225798,99.094405
2297.219856,98.161507,98.283978,99.133358
2295.29104,98.140112,98.292394,99.148078
2293.362224,98.083801,98.267888,99.117399
2291.433408,98.057711,98.235018,99.10414
2289.504592,98.084423,98.203807,99.122985
2287.575776,98.113114,98.227509,99.160112
2285.64696,98.112167,98.251167,99.206285
2283.718144,98.104904,98.251485,99.216258
2281.789328,98.083764,98.222686,99.179808
2279.860512,98.082567,98.246408,99.189689
2277.931696,98.144356,98.300486,99.215833
2276.00288,98.182477,98.33775,99.225699
2274.074064,98.155167,98.317871,99.19384
2272.145248,98.130427,98.298226,99.166786
2270.216432,98.138975,98.373412,99.199647
2268.287616,98.238668,98.470895,99.273828
2266.3588,98.332262,98.459275,99.326267
2264.429984,98.29922,98.375601,99.29506
2262.501168,98.211452,98.340666,99.224062
2260.572352,98.219295,98.407906,99.24149
2258.643536,98.24334,98.448161,99.302513
2256.71472,98.250873,98.470924,99.346035
2254.785904,98.25076,98.499737,99.357245
2252.857088,98.259953,98.521605,99.366176
2250.928272,98.265472,98.476604,99.340968
2248.999456,98.288595,98.42875,99.259186
2247.07064,98.287559,98.471686,99.235126
2245.141824,98.298548,98.521631,99.264636
2243.213008,98.327993,98.497228,99.250654
2241.284192,98.361732,98.482716,99.250722
2239.355376,98.329517,98.481509,99.299739
2237.42656,98.293803,98.46109,99.32086
2235.497744,98.318765,98.445453,99.315254
2233.568928,98.350944,98.489281,99.314722
2231.640112,98.321762,98.50734,99.298508
2229.711296,98.344159,98.46132,99.319183
2227.78248,98.39393,98.51135,99.365215
2225.853664,98.38834,98.573808,99.344446
2223.924848,98.328995,98.578531,99.300892
2221.996032,98.322563,98.54219,99.290888
2220.067216,98.360817,98.535812,99.291953
2218.1384,98.382468,98.614312,99.321826
2216.209584,98.385987,98.655446,99.406451
2214.280768,98.349656,98.62215,99.388069
2212.351952,98.347375,98.597641,99.415339
2210.423136,98.330259,98.577821,99.334656
2208.49432,98.288418,98.567373,99.247359
2206.565504,98.349586,98.638862,99.304304
2204.636688,98.424935,98.703015,99.390919
2202.707872,98.368323,98.649294,99.376162
2200.779056,98.297418,98.536678,99.301351
2198.85024,98.273156,98.490909,99.196192
2196.921424,98.32778,98.565248,99.220115
2194.992608,98.387309,98.637827,99.284919
2193.063792,98.41066,98.653149,99.323401
2191.134976,98.433,98.624226,99.324966
2189.20616,98.401086,98.601964,99.31146
2187.277344,98.434667,98.665582,99.358859
2185.348528,98.425944,98.697172,99.401791
2183.419712,98.42212,98.666957,99.450799
2181.490896,98.47334,98.641456,99.423607
2179.56208,98.493824,98.637642,99.396356
2177.633264,98.519138,98.658529,99.351404
2175.704448,98.579228,98.716561,99.310283
2173.775632,98.623263,98.738794,99.379541
2171.846816,98.612035,98.708463,99.375073
2169.918,98.552304,98.721247,99.320806
2167.989184,98.480074,98.755064,99.398477
2166.060368,98.486393,98.727087,99.494139
2164.131552,98.516076,98.760368,99.538608
2162.202736,98.515468,98.788251,99.476698
2160.27392,98.656147,98.932117,99.498589
2158.345104,98.840466,99.127409,99.623193
2156.416288,98.927584,99.174131,99.630895
2154.487472,98.888927,99.128318,99.609299
2152.558656,98.813027,99.004082,99.53255
2150.62984,98.817947,98.877758,99.466865
2148.701024,98.750313,98.923444,99.568191
2146.772208,98.638775,98.883326,99.495723
2144.843392,98.595008,98.795441,99.3479
2142.914576,98.617126,98.783875,99.328338
2140.98576,98.583503,98.756596,99.342337
2139.056944,98.475235,98.689394,99.350207
2137.128128,98.505077,98.708393,99.382568
2135.199312,98.549355,98.719094,99.3336
2133.270496,98.625685,98.749849,99.337128
2131.34168,98.607458,98.724102,99.341093
2129.412864,98.473385,98.636761,99.282513
2127.484048,98.416777,98.590158,99.263901
2125.555232,98.47669,98.604899,99.303151
2123.626416,98.449703,98.538424,99.288661
2121.6976,98.390634,98.498311,99.295697
2119.768784,98.326489,98.479591,99.310689
2117.839968,98.229517,98.461962,99.289937
2115.911152,98.210411,98.447624,99.258846
2113.982336,98.303579,98.458945,99.295664
2112.05352,98.326367,98.491394,99.276747
2110.124704,98.306722,98.52729,99.252574
2108.195888,98.260152,98.484502,99.231386
2106.267072,98.244366,98.470014,99.269593
2104.338256,98.217854,98.454828,99.255114
2102.40944,98.241927,98.458126,99.232334
2100.480624,98.272881,98.442063,99.246417
2098.551808,98.300918,98.434036,99.216305
2096.622992,98.301138,98.447193,99.202763
2094.694176,98.325271,98.471935,99.217247
2092.76536,98.363412,98.488903,99.236601
2090.836544,98.330098,98.45625,99.204452
2088.907728,98.268791,98.434007,99.172488
2086.978912,98.26202,98.423777,99.211002
2085.050096,98.295074,98.415731,99.239532
2083.12128,98.340041,98.491136,99.289026
2081.192464,98.336266,98.486366,99.284731
2079.263648,98.32252,98.456283,99.273324
2077.334832,98.335201,98.456069,99.247926
2075.406016,98.285774,98.452419,99.19635
2073.4772,98.292297,98.500479,99.225734
2071.548384,98.349902,98.55248,99.296979
2069.619568,98.341437,98.522236,99.26769
2067.690752,98.314408,98.513034,99.238853
2065.761936,98.344779,98.508979,99.271471
2063.83312,98.372666,98.537336,99.301379
2061.904304,98.421489,98.603973,99.289574
2059.975488,98.414978,98.669469,99.261833
2058.046672,98.349971,98.643272,99.260487
2056.117856,98.395892,98.640258,99.328781
2054.18904,98.419556,98.643451,99.41237
2052.260224,98.363239,98.592041,99.382159
2050.331408,98.321997,98.595045,99.412136
2048.402592,98.387501,98.691402,99.391585
2046.473776,98.524297,98.782603,99.366699
2044.54496,98.577332,98.788437,99.422118
2042.616144,98.452947,98.673004,99.314679
2040.687328,98.397775,98.664404,99.323769
2038.758512,98.474298,98.74168,99.395492
2036.829696,98.580851,98.798227,99.414967
2034.90088,98.674685,98.871823,99.453877
2032.972064,98.670693,98.929421,99.394461
2031.043248,98.649891,98.944256,99.398391
2029.114432,98.669842,98.94777,99.441397
2027.185616,98.676304,98.934927,99.465648
2025.2568,98.680776,99.000424,99.409129
2023.327984,98.739782,99.011856,99.359506
2021.399168,98.812766,98.939364,99.42444
2019.470352,98.87703,98.921468,99.555633
2017.541536,98.891615,99.009982,99.566587
2015.61272,98.868223,99.115083,99.478851
2013.683904,98.800502,99.132387,99.48253
2011.755088,98.685562,98.989016,99.455178
2009.826272,98.635478,98.892967,99.433377
2007.897456,98.639463,98.907787,99.443213
2005.96864,98.704943,98.964291,99.436362
2004.039824,98.736899,98.973856,99.397133
2002.111008,98.735585,98.974809,99.362848
2000.182192,98.645047,98.901262,99.328088
1998.253376,98.669957,98.9564,99.356581
1996.32456,98.705401,98.968035,99.313388
1994.395744,98.626635,98.883415,99.209977
1992.466928,98.54429,98.786779,99.197469
1990.538112,98.525618,98.827845,99.365102
1988.609296,98.520337,98.867774,99.403572
1986.68048,98.607325,98.93864,99.405014
1984.751664,98.631166,98.924619,99.404067
1982.822848,98.552852,98.868484,99.365393
1980.894032,98.514301,98.836265,99.349107
1978.965216,98.630179,98.923063,99.413417
1977.0364,98.810209,99.073384,99.505724
1975.107584,98.7711,99.146087,99.54501
1973.178768,98.712457,99.026794,99.466372
1971.249952,98.795745,98.999612,99.42884
1969.321136,98.862323,99.081398,99.462642
1967.39232,98.848234,99.0573,99.391677
1965.463504,98.787993,99.007572,99.353821
1963.534688,98.808962,99.052606,99.408928
1961.605872,98.75537,98.981665,99.370422
1959.677056,98.729052,98.947878,99.328063
1957.74824,98.693524,98.974834,99.271123
1955.819424,98.677454,98.947776,99.298289
1953.890608,98.581048,98.819667,99.28178
1951.961792,98.54573,98.83104,99.311448
1950.032976,98.513694,98.808485,99.293508
1948.10416,98.474252,98.776044,99.20806
1946.175344,98.440407,98.743934,99.189491
1944.246528,98.421092,98.718635,99.179028
1942.317712,98.420531,98.624964,99.169493
1940.388896,98.454519,98.600428,99.208162
1938.46008,98.504939,98.737861,99.237242
1936.531264,98.532918,98.755695,99.276057
1934.602448,98.479028,98.683489,99.210555
1932.673632,98.461373,98.678352,99.166917
1930.744816,98.489122,98.655586,99.197638
1928.816,98.465142,98.633136,99.241376
1926.887184,98.473707,98.632212,99.262239
1924.958368,98.498902,98.68478,99.219968
1923.029552,98.41738,98.568643,99.103948
1921.100736,98.297843,98.461534,99.032188
1919.17192,98.284923,98.441207,99.04526
1917.243104,98.356626,98.483482,99.094938
1915.314288,98.331511,98.49327,99.116798
1913.385472,98.351897,98.50286,99.120363
1911.456656,98.380094,98.504589,99.107946
1909.52784,98.36159,98.515058,99.088099
1907.599024,98.340304,98.516156,99.097283
1905.670208,98.345189,98.5454,99.148137
1903.741392,98.355738,98.513511,99.112517
1901.812576,98.325073,98.445674,99.035421
1899.88376,98.320033,98.467435,99.086736
1897.954944,98.370205,98.536895,99.17467
1896.026128,98.399837,98.527731,99.167765
1894.097312,98.370048,98.508237,99.13641
1892.168496,98.34013,98.51327,99.133872
1890.23968,98.320959,98.487299,99.068657
1888.310864,98.354497,98.480224,99.037799
1886.382048,98.384501,98.526987,99.123664
1884.453232,98.386771,98.512096,99.146609
1882.524416,98.412149,98.517475,99.150257
1880.5956,98.412698,98.550026,99.165408
1878.666784,98.43108,98.567365,99.181463
1876.737968,98.441818,98.549217,99.172623
1874.809152,98.41847,98.520488,99.158095
1872.880336,98.351642,98.456288,99.10066
1870.95152,98.315251,98.416243,99.023401
1869.022704,98.30757,98.368604,98.885472
1867.093888,98.306508,98.382894,98.882683
1865.165072,98.350754,98.447136,99.010887
1863.236256,98.364969,98.490062,99.084902
1861.30744,98.372557,98.496068,99.109614
1859.378624,98.396819,98.511797,99.130851
1857.449808,98.377433,98.486523,99.118894
1855.520992,98.344548,98.471408,99.115048
1853.592176,98.342493,98.481981,99.112187
1851.66336,98.348434,98.496623,99.085198
1849.734544,98.352285,98.47463,99.043146
1847.805728,98.355767,98.460616,99.011335
1845.876912,98.321895,98.418075,98.957424
1843.948096,98.324805,98.343866,98.862862
1842.01928,98.309734,98.353465,98.89515
1840.090464,98.324076,98.425693,99.018019
1838.161648,98.346033,98.440947,99.048822
1836.232832,98.343633,98.430953,99.056118
1834.304016,98.336063,98.403619,99.05409
1832.3752,98.334027,98.381814,98.994302
1830.446384,98.299192,98.309396,98.873308
1828.517568,98.27866,98.260143,98.83349
1826.588752,98.31896,98.278689,98.87669
1824.659936,98.327193,98.284386,98.866345
1822.73112,98.306952,98.291228,98.920135
1820.802304,98.311234,98.334521,98.978383
1818.873488,98.304875,98.299863,98.958627
1816.944672,98.333684,98.292712,98.92856
1815.015856,98.344729,98.272958,98.908511
1813.08704,98.314897,98.217059,98.875933
1811.158224,98.266215,98.133653,98.805661
1809.229408,98.213709,98.09153,98.766225
1807.300592,98.206155,98.106091,98.782218
1805.371776,98.243006,98.139537,98.8195
1803.44296,98.230174,98.080228,98.768584
1801.514144,98.16204,97.958727,98.625409
1799.585328,98.110115,97.851214,98.524402
1797.656512,98.082073,97.819868,98.517066
1795.727696,98.066203,97.795051,98.517748
1793.79888,98.073331,97.760114,98.448402
1791.870064,97.999858,97.630545,98.273105
1789.941248,97.96406,97.574432,98.296548
1788.012432,97.955663,97.585359,98.387188
1786.083616,97.915894,97.524771,98.326472
1784.1548,97.873089,97.388604,98.211889
1782.225984,97.826086,97.285235,98.125789
1780.297168,97.719939,97.113522,97.940744
1778.368352,97.611918,96.937769,97.778591
1776.439536,97.484219,96.742569,97.602982
1774.51072,97.337006,96.46997,97.309456
1772.581904,97.104258,96.037845,96.821725
1770.653088,96.748589,95.439701,96.244351
1768.724272,96.470598,94.97665,95.849699
1766.795456,96.130223,94.357968,95.283095
1764.86664,95.738128,93.705759,94.63457
1762.937824,95.266519,92.937554,93.786951
1761.009008,94.595397,91.751757,92.583133
1759.080192,93.974068,90.6782,91.518845
1757.151376,93.341056,89.627082,90.419402
1755.22256,92.52825,88.277354,89.032701
1753.293744,91.874824,87.173275,87.878803
1751.364928,91.056096,85.783574,86.38123
1749.436112,89.996902,83.982097,84.503917
1747.507296,89.044195,82.39803,82.855886
1745.57848,88.242837,81.114043,81.547594
1743.649664,87.486147,79.923426,80.351531
1741.720848,86.805957,78.865797,79.352995
1739.792032,86.198201,77.963439,78.532377
1737.863216,85.679127,77.204375,77.966475
1735.9344,85.469576,77.01492,77.85401
1734.005584,85.304527,76.921042,77.980382
1732.076768,85.093908,76.789682,78.433237
1730.147952,85.34083,77.442769,79.509711
1728.219136,85.689587,78.332091,80.897042
1726.29032,86.090832,79.330911,82.350164
1724.361504,86.498134,80.335206,83.743265
1722.432688,86.935149,81.350432,85.134403
1720.503872,87.313803,82.265393,86.260352
1718.575056,87.688124,83.108713,87.142508
1716.64624,87.926564,83.624735,87.935757
1714.717424,88.221945,84.261368,88.85179
1712.788608,88.537917,84.995668,89.732353
1710.859792,88.883371,85.680352,90.464866
1708.930976,89.21143,86.290326,91.065794
1707.00216,89.562785,86.846724,91.535499
1705.073344,89.912723,87.321798,91.956585
1703.144528,90.235604,87.822218,92.466236
1701.215712,90.635073,88.46149,92.930721
1699.286896,91.031888,88.899248,93.302189
1697.35808,91.308085,89.270743,93.669054
1695.429264,91.73778,89.812029,94.166492
1693.500448,92.095651,90.256142,94.735785
1691.571632,92.426012,90.745794,95.167498
1689.642816,92.682998,91.097975,95.387725
1687.714,92.909271,91.331969,95.570486
1685.785184,93.118492,91.558607,95.705314
1683.856368,93.211135,91.541471,95.577075
1681.927552,93.292591,91.569946,95.793147
1679.998736,93.508587,91.856334,96.150596
1678.06992,93.672204,92.044413,96.413489
1676.141104,93.804839,92.151828,96.516329
1674.212288,93.781629,92.031394,96.467413
1672.283472,93.804266,92.028533,96.547986
1670.354656,93.846678,92.020456,96.539803
1668.42584,93.792466,91.850965,96.543453
1666.497024,93.800303,91.842781,96.755633
1664.568208,93.864137,91.925438,96.875269
1662.639392,93.810905,91.796052,96.782319
1660.710576,93.735216,91.611486,96.793504
1658.78176,93.741471,91.588858,96.907637
1656.852944,93.726957,91.539572,96.901711
1654.924128,93.694726,91.486982,96.758297
1652.995312,93.489594,91.088136,96.330533
1651.066496,93.303136,90.682719,96.40033
1649.13768,93.408871,90.862086,96.616145
1647.208864,93.397126,90.8171,96.486497
1645.280048,93.307476,90.564987,96.469679
1643.351232,93.350701,90.62478,96.714698
1641.422416,93.417682,90.69534,96.83151
1639.4936,93.413848,90.632584,96.810967
1637.564784,93.406653,90.585371,96.702417
1635.635968,93.34739,90.391294,96.46341
1633.707152,93.304696,90.199929,96.543791
1631.778336,93.422328,90.33604,96.815273
1629.84952,93.523388,90.435701,96.92014
1627.920704,93.532379,90.390742,96.860127
1625.991888,93.556972,90.345154,96.869174
1624.063072,93.618586,90.363326,96.886463
1622.134256,93.676102,90.315161,96.874723
1620.20544,93.795864,90.395857,97.028052
1618.276624,93.916794,90.537454,97.105601
1616.347808,93.930845,90.470379,96.964383
1614.418992,94.013257,90.461011,97.051461
1612.490176,94.195389,90.662795,97.274828
1610.56136,94.314803,90.77922,97.343303
1608.632544,94.365549,90.825742,97.337681
1606.703728,94.450846,90.901086,97.363299
1604.774912,94.561427,90.997651,97.416843
1602.846096,94.669569,91.107579,97.455987
1600.91728,94.754031,91.231745,97.507499
1598.988464,94.878678,91.409892,97.617825
1597.059648,94.991198,91.558263,97.671541
1595.130832,95.090714,91.682093,97.672602
1593.202016,95.195312,91.824204,97.721562
1591.2732,95.304316,92.000291,97.787376
1589.344384,95.379491,92.148077,97.825831
1587.415568,95.47462,92.30257,97.891811
1585.486752,95.58872,92.476208,97.961322
1583.557936,95.67455,92.628323,97.994673
1581.62912,95.743755,92.748705,98.026847
1579.700304,95.819106,92.869388,98.041558
1577.771488,95.865687,92.96135,97.963671
1575.842672,95.870051,93.016888,97.816799
1573.913856,95.948098,93.135847,97.94663
1571.98504,96.081986,93.345655,98.086306
1570.056224,96.142726,93.429213,97.998803
1568.127408,96.168162,93.493415,97.980897
1566.198592,96.226463,93.652672,98.098133
1564.269776,96.2766,93.785026,98.103398
1562.34096,96.319069,93.883991,98.113735
1560.412144,96.348247,93.922664,97.925454
1558.483328,96.178046,93.678505,97.330912
1556.554512,96.167497,93.836426,97.584327
1554.625696,96.26995,94.081715,97.839079
1552.69688,96.358994,94.290868,97.995443
1550.768064,96.412424,94.423989,98.036299
1548.839248,96.420969,94.518084,98.037191
1546.910432,96.443777,94.602091,98.095857
1544.981616,96.404417,94.548752,97.910755
1543.0528,96.304978,94.424998,97.660997
1541.123984,96.260529,94.388169,97.458059
1539.195168,96.284105,94.39153,97.464982
1537.266352,96.367862,94.63012,97.846397
1535.337536,96.419652,94.775784,97.989576
1533.40872,96.401314,94.753304,97.855519
1531.479904,96.377613,94.791232,97.925555
1529.551088,96.398836,94.902662,98.025301
1527.622272,96.362305,94.845987,97.917643
1525.693456,96.285301,94.699537,97.767662
1523.76464,96.226604,94.644418,97.697076
1521.835824,96.162051,94.556179,97.502616
1519.907008,96.076156,94.371489,97.458732
1517.978192,96.063251,94.345755,97.513001
1516.049376,95.994167,94.28805,97.457486
1514.12056,96.024226,94.366884,97.622481
1512.191744,96.068972,94.443984,97.705489
1510.262928,96.057017,94.415516,97.608126
1508.334112,96.015923,94.327716,97.350281
1506.405296,95.936021,94.248346,97.088075
1504.47648,96.022121,94.497461,97.555863
1502.547664,96.142694,94.720289,97.85941
1500.618848,96.194032,94.797037,97.916319
1498.690032,96.152923,94.74944,97.787363
1496.761216,96.090232,94.70185,97.669284
1494.8324,96.083085,94.716762,97.752529
1492.903584,96.100812,94.748975,97.856274
1490.974768,96.014263,94.602557,97.660443
1489.045952,95.839648,94.340827,97.379379
1487.117136,95.774231,94.245088,97.409936
1485.18832,95.730061,94.175975,97.493262
1483.259504,95.610441,93.991329,97.409919
1481.330688,95.391894,93.628748,97.12143
1479.401872,95.077682,93.120163,96.712355
1477.473056,94.738234,92.567509,96.2242
1475.54424,94.294979,91.821674,95.550518
1473.615424,93.829956,91.07625,94.901493
1471.686608,93.196952,90.022546,94.124895
1469.757792,92.778175,89.325429,93.762573
1467.828976,92.461209,88.846877,93.458259
1465.90016,92.131133,88.365388,93.113681
1463.971344,91.778021,87.88138,92.90103
1462.042528,91.573728,87.710396,92.985783
1460.113712,91.459862,87.662761,92.995006
1458.184896,91.291223,87.46666,92.796402
1456.25608,91.043239,87.124634,92.715892
1454.327264,91.094826,87.308869,93.224563
1452.398448,91.243748,87.650139,93.683781
1450.469632,91.34369,87.88334,94.02243
1448.540816,91.404953,88.072715,94.294476
1446.612,91.445818,88.215142,94.56696
1444.683184,91.49753,88.372257,94.835671
1442.754368,91.496881,88.426754,94.960774
1440.825552,91.433947,88.331703,94.932876
1438.896736,91.343513,88.170818,94.793586
1436.96792,91.15249,87.825536,94.420518
1435.039104,90.843106,87.273952,94.036611
1433.110288,90.753499,87.195783,94.073307
1431.181472,90.710971,87.18109,94.108558
1429.252656,90.638015,87.074603,94.114455
1427.32384,90.583412,87.006076,94.20393
1425.395024,90.526561,86.962484,94.225663
1423.466208,90.393556,86.770688,94.116011
1421.537392,90.315303,86.670872,94.110807
1419.608576,90.194329,86.51091,93.934326
1417.67976,89.935137,86.092999,93.633525
1415.750944,89.884211,86.045918,93.697775
1413.822128,89.871521,86.074755,93.765543
1411.893312,89.813417,85.993716,93.690907
1409.964496,89.742759,85.878715,93.561111
1408.03568,89.711125,85.834875,93.480897
1406.106864,89.686766,85.779077,93.345506
1404.178048,89.647682,85.63892,93.159478
1402.249232,89.647379,85.594954,93.114277
1400.320416,89.657416,85.612862,93.012907
1398.3916,89.591235,85.451067,92.759478
1396.462784,89.562802,85.367537,92.633308
1394.533968,89.540876,85.312325,92.546968
1392.605152,89.531526,85.287577,92.596142
1390.676336,89.572374,85.382432,92.708539
1388.74752,89.554577,85.385139,92.701357
1386.818704,89.452405,85.255681,92.633981
1384.889888,89.376722,85.183494,92.710997
1382.961072,89.31807,85.167062,92.772638
1381.032256,89.216282,85.093353,92.768629
1379.10344,89.13431,85.074129,92.818454
1377.174624,89.087521,85.111265,92.93082
1375.245808,89.033614,85.132439,92.984243
1373.316992,88.906987,84.997314,92.960157
1371.388176,88.822672,84.93391,93.035362
1369.45936,88.761964,84.894668,93.047738
1367.530544,88.692048,84.788237,92.99092
1365.601728,88.637273,84.7197,92.900931
1363.672912,88.52596,84.553656,92.614591
1361.744096,88.351986,84.213363,92.212878
1359.81528,88.27365,84.053457,92.066608
1357.886464,88.245407,84.004445,91.979839
1355.957648,88.200454,83.935225,91.853809
1354.028832,88.149453,83.812329,91.682542
1352.100016,88.08637,83.66541,91.479405
1350.1712,88.010882,83.50406,91.254942
1348.242384,87.927324,83.34051,91.058532
1346.313568,87.877821,83.250867,90.954099
1344.384752,87.84924,83.221653,90.91677
1342.455936,87.819372,83.20538,90.905544
1340.52712,87.767972,83.156296,90.849365
1338.598304,87.711459,83.105687,90.860556
1336.669488,87.732982,83.181724,91.020068
1334.740672,87.77689,83.271812,91.143294
1332.811856,87.805917,83.340835,91.213758
1330.88304,87.836485,83.4049,91.23673
1328.954224,87.899532,83.486765,91.266412
1327.025408,88.01138,83.603387,91.33683
1325.096592,88.157418,83.794573,91.453496
1323.167776,88.30773,83.989969,91.57805
1321.23896,88.43937,84.137351,91.654306
1319.310144,88.541903,84.223305,91.650346
1317.381328,88.62039,84.279261,91.64368
1315.452512,88.677269,84.343246,91.630508
1313.523696,88.713264,84.361598,91.570621
1311.59488,88.730952,84.346875,91.487519
1309.666064,88.748017,84.36475,91.438525
1307.737248,88.751915,84.359614,91.412891
1305.808432,88.756561,84.340792,91.411035
1303.879616,88.74872,84.3431,91.417536
1301.9508,88.744783,84.360063,91.430404
1300.021984,88.749715,84.376217,91.425569
1298.093168,88.752861,84.382089,91.413056
1296.164352,88.774475,84.405127,91.412877
1294.235536,88.807925,84.444246,91.408649
1292.30672,88.844981,84.459903,91.378575
1290.377904,88.876288,84.433913,91.308714
1288.449088,88.868578,84.369533,91.196442
1286.520272,88.84234,84.310461,91.089622
1284.591456,88.835514,84.283124,91.040293
1282.66264,88.857342,84.270629,91.027848
1280.733824,88.866438,84.257874,90.973292
1278.805008,88.874648,84.230194,90.914953
1276.876192,88.875228,84.16735,90.857052
1274.947376,88.845424,84.077155,90.780657
1273.01856,88.794241,83.971797,90.70849
1271.089744,88.729157,83.87899,90.652529
1269.160928,88.691047,83.801557,90.607746
1267.232112,88.63381,83.665463,90.529546
1265.303296,88.543821,83.468356,90.419882
1263.37448,88.45589,83.238004,90.290819
1261.445664,88.364561,83.027893,90.150671
1259.516848,88.263343,82.867612,90.023064
1257.588032,88.194436,82.805671,89.946574
1255.659216,88.148803,82.789166,89.886334
1253.7304,88.083598,82.743491,89.793803
1251.801584,88.00594,82.661872,89.680484
1249.872768,87.893373,82.49808,89.51472
1247.943952,87.742045,82.250902,89.292118
1246.015136,87.568113,82.001776,89.042262
1244.08632,87.37857,81.712251,88.769902
1242.157504,87.218543,81.432946,88.52436
1240.228688,87.108309,81.255193,88.363975
1238.299872,87.009379,81.145135,88.265438
1236.371056,86.946465,81.09,88.208499
1234.44224,86.914439,81.073554,88.197487
1232.513424,86.898988,81.078316,88.179811
1230.584608,86.898041,81.084956,88.133035
1228.655792,86.889455,81.062924,88.033698
1226.726976,86.879401,80.999836,87.882023
1224.79816,86.856931,80.907931,87.687868
1222.869344,86.819953,80.78234,87.452937
1220.940528,86.76131,80.618116,87.171821
1219.011712,86.66359,80.410857,86.843261
1217.082896,86.532858,80.143788,86.481184
1215.15408,86.381406,79.85403,86.131977
1213.225264,86.232851,79.559906,85.77552
1211.296448,86.059497,79.21366,85.374414
1209.367632,85.855409,78.821126,84.941387
1207.438816,85.644958,78.418067,84.484455
1205.51,85.439353,78.032558,84.012581
1203.581184,85.252681,77.649969,83.492923
1201.652368,85.124954,77.298055,82.990411
1199.723552,85.052154,76.996856,82.519856
1197.794736,85.006422,76.759275,82.063152
1195.86592,84.965452,76.554379,81.630529
1193.937104,84.96948,76.397728,81.255611
1192.008288,85.055682,76.315197,80.968781
1190.079472,85.145803,76.252836,80.753762
1188.150656,85.237186,76.234211,80.610896
1186.22184,85.308412,76.23249,80.510193
1184.293024,85.373311,76.248991,80.502414
1182.364208,85.454,76.318893,80.609565
1180.435392,85.553836,76.392351,80.790681
1178.506576,85.609131,76.476845,81.058303
1176.57776,85.637935,76.581428,81.448397
1174.648944,85.61592,76.653696,81.905366
1172.720128,85.504218,76.668715,82.412424
1170.791312,85.261873,76.559841,82.912116
1168.862496,84.863292,76.271125,83.379144
1166.93368,84.31533,75.849802,83.842561
1165.004864,83.627927,75.337228,84.296597
1163.076048,82.868552,74.77841,84.754878
1161.147232,82.068738,74.187294,85.210093
1159.218416,81.287267,73.598103,85.625621
1157.2896,80.562538,73.023009,85.933754
1155.360784,79.918066,72.487191,86.10262
1153.431968,79.403763,72.05199,86.187987
1151.503152,79.07807,71.792403,86.274783
1149.574336,78.979425,71.800582,86.461608
1147.64552,79.114475,72.123207,86.798498
1145.716704,79.444208,72.683058,87.211211
1143.787888,79.934978,73.38344,87.642217
1141.859072,80.516264,74.125362,88.016135
1139.930256,81.079029,74.815539,88.2686
1138.00144,81.602221,75.416946,88.446107
1136.072624,82.050357,75.878191,88.572626
1134.143808,82.354242,76.156272,88.633465
1132.214992,82.510227,76.262083,88.650622
1130.286176,82.519748,76.205578,88.632554
1128.35736,82.441523,76.037376,88.579281
1126.428544,82.298357,75.801911,88.460162
1124.499728,82.126816,75.543855,88.306171
1122.570912,81.978953,75.263312,88.133339
1120.642096,81.844205,74.986209,87.943996
1118.71328,81.724554,74.748765,87.795777
1116.784464,81.645801,74.601143,87.79015
1114.855648,81.580916,74.494029,87.887059
1112.926832,81.472763,74.385038,88.017938
1110.998016,81.325583,74.270104,88.156648
1109.0692,81.166865,74.153718,88.308146
1107.140384,81.025267,74.060854,88.500613
1105.211568,80.910051,74.00118,88.697771
1103.282752,80.874818,74.027496,88.88885
1101.353936,80.934284,74.14418,89.111702
1099.42512,81.043578,74.287044,89.310073
1097.496304,81.16434,74.421544,89.432022
1095.567488,81.247227,74.501848,89.499048
1093.638672,81.196556,74.431274,89.512294
1091.709856,80.927489,74.106583,89.422801
1089.78104,80.447525,73.53411,89.249329
1087.852224,79.792393,72.755035,89.00016
1085.923408,78.984619,71.830671,88.676522
1083.994592,78.097789,70.777711,88.284239
1082.065776,77.189698,69.671553,87.863335
1080.13696,76.352095,68.623887,87.407009
1078.208144,75.774646,67.846639,87.033382
1076.279328,75.616687,67.585409,86.844986
1074.350512,75.98094,67.91327,86.817737
1072.421696,76.838571,68.751836,86.958641
1070.49288,77.88664,69.80547,87.1624
1068.564064,78.732061,70.643783,87.297999
1066.635248,79.135171,70.975077,87.270116
1064.706432,79.063796,70.760771,87.077089
1062.777616,78.611001,70.144732,86.775144
1060.8488,77.959156,69.348894,86.49469
1058.919984,77.278744,68.608848,86.375211
1056.991168,76.654333,68.009476,86.471113
1055.062352,76.085523,67.555292,86.720632
1053.133536,75.580618,67.220882,87.002947
1051.20472,75.134973,66.897645,87.253138
1049.275904,74.684314,66.514994,87.396535
1047.347088,74.22628,66.108036,87.472407
1045.418272,73.753646,65.678284,87.505706
1043.489456,73.257771,65.214997,87.484132
1041.56064,72.786953,64.752823,87.416839
1039.631824,72.339134,64.277458,87.291251
1037.703008,71.89103,63.770267,87.103846
1035.774192,71.425878,63.21709,86.884768
1033.845376,70.909101,62.597111,86.623394
1031.91656,70.325943,61.903292,86.315508
1029.987744,69.658011,61.108138,85.943203
1028.058928,68.913153,60.214429,85.519391
1026.130112,68.12126,59.259849,85.019348
1024.201296,67.308632,58.263312,84.460276
1022.27248,66.57103,57.335341,83.940198
1020.343664,66.006488,56.657078,83.624417
1018.414848,65.611101,56.244172,83.563651
1016.486032,65.379727,56.080814,83.673381
1014.557216,65.299315,56.108878,83.860184
1012.6284,65.316983,56.20793,84.041209
1010.699584,65.388827,56.3442,84.207886
1008.770768,65.438812,56.443704,84.322539
1006.841952,65.456107,56.480839,84.382339
1004.913136,65.39738,56.424283,84.414891
1002.98432,65.248517,56.329814,84.436687
1001.055504,65.057142,56.223986,84.467523
999.126688,64.875868,56.117395,84.498417
997.197872,64.756107,56.068263,84.531351
995.269056,64.733279,56.137692,84.576909
993.34024,64.831959,56.333986,84.661536
991.411424,65.116178,56.766976,84.825452
989.482608,65.640566,57.470169,85.081326
987.553792,66.408843,58.434785,85.41161
985.624976,67.421427,59.656692,85.829787
983.69616,68.614249,61.111291,86.306535
981.767344,69.941377,62.735318,86.810844
979.838528,71.342829,64.430409,87.308639
977.909712,72.7045,66.043801,87.735548
975.980896,73.986112,67.504231,88.089496
974.05208,75.148405,68.800202,88.405713
972.123264,76.172907,69.92517,88.608969
970.194448,77.074226,70.915147,88.730858
968.265632,77.863286,71.750516,88.848773
966.336816,78.567143,72.512356,88.970825
964.408,79.18544,73.259408,89.123504
962.479184,79.755226,73.960184,89.299977
960.550368,80.287823,74.646756,89.523978
958.621552,80.81484,75.324295,89.779444
956.692736,81.316929,75.925932,90.033015
954.76392,81.70303,76.414373,90.210767
952.835104,81.961151,76.764031,90.288217
950.906288,82.144898,77.028803,90.386562
948.977472,82.196925,77.1611,90.529479
947.048656,82.087869,77.155268,90.660766
945.11984,81.828152,76.992029,90.723796
943.191024,81.535321,76.745616,90.740818
941.262208,81.229656,76.532038,90.738868
939.333392,81.015796,76.446747,90.79893
937.404576,80.92618,76.452019,90.961847
935.47576,80.86436,76.478928,91.080675
933.546944,80.850322,76.51702,91.153295
931.618128,80.926874,76.641981,91.313176
929.689312,81.038566,76.828039,91.456466
927.760496,81.147578,77.071565,91.571048
925.83168,81.309461,77.362171,91.731296
923.902864,81.526001,77.66952,91.916949
921.974048,81.828319,78.036189,92.090768
920.045232,82.189864,78.469017,92.262421
918.116416,82.583354,78.94399,92.405792
916.1876,82.996466,79.41663,92.535125
914.258784,83.407322,79.884252,92.723386
912.329968,83.76457,80.337686,92.892486
910.401152,84.049343,80.674765,92.980726
908.472336,84.260146,80.904116,92.997517
906.54352,84.476754,81.095785,93.042799
904.614704,84.656067,81.274108,93.105415
902.685888,84.752276,81.399146,93.131922
900.757072,84.843082,81.513506,93.158102
898.828256,84.956055,81.671348,93.19652
896.89944,85.083502,81.830194,93.252072
894.970624,85.206249,81.971913,93.343907
893.041808,85.379068,82.189988,93.485739
891.112992,85.582258,82.434477,93.590709
889.184176,85.73957,82.630132,93.638138
887.25536,85.921393,82.853286,93.678685
885.326544,86.149017,83.153965,93.788516
883.397728,86.321731,83.405967,93.899439
881.468912,86.440957,83.54883,93.938653
879.540096,86.519249,83.62127,93.94936
877.61128,86.487891,83.605212,93.95193
875.682464,86.358252,83.468681,93.92636
873.753648,86.214342,83.306357,93.917661
871.824832,86.010656,83.079034,93.870057
869.896016,85.761432,82.785184,93.825439
867.9672,85.481989,82.435115,93.739828
866.038384,85.187315,82.054502,93.626571
864.109568,84.96167,81.769371,93.560132
862.180752,84.798708,81.567484,93.50163
860.251936,84.669289,81.431454,93.418333
858.32312,84.594879,81.314889,93.352722
856.394304,84.563849,81.287563,93.356904
854.465488,84.556226,81.278469,93.322706
852.536672,84.546319,81.189654,93.232371
850.607856,84.507552,81.071261,93.146185
848.67904,84.521972,81.009178,93.069976
846.750224,84.53238,80.938391,92.940763
844.821408,84.497388,80.80902,92.769815
842.892592,84.543136,80.78701,92.708988
840.963776,84.682551,80.953983,92.799011
839.03496,84.829893,81.174674,92.876706
837.106144,85.007461,81.393791,92.989584
835.177328,85.242738,81.686192,93.160106
833.248512,85.46273,81.978037,93.292714
831.319696,85.662591,82.189157,93.351435
829.39088,85.847945,82.343192,93.407117
827.462064,85.98732,82.429937,93.471819
825.533248,86.033568,82.429869,93.466469
823.604432,86.052812,82.36694,93.435975
821.675616,86.034213,82.264225,93.390991
819.7468,85.985682,82.220152,93.302363
817.817984,86.004487,82.181431,93.28872
815.889168,85.958456,82.036695,93.261408
813.960352,85.893532,81.905813,93.23884
812.031536,85.785702,81.777967,93.164239
810.10272,85.727886,81.613041,93.103881
808.173904,85.643244,81.455932,93.046376
806.245088,85.497655,81.26495,92.966681
804.316272,85.380966,81.045977,92.896609
802.387456,85.252989,80.81327,92.800342
800.45864,85.084694,80.613622,92.714055
798.529824,84.907191,80.492113,92.64297
796.601008,84.802697,80.402308,92.648153
794.672192,84.737152,80.335014,92.717055
792.743376,84.663407,80.315065,92.781015
790.81456,84.590464,80.313477,92.821344
788.885744,84.532657,80.274681,92.839565
786.956928,84.444958,80.231997,92.847172
785.028112,84.352139,80.173,92.85828
783.099296,84.279912,80.111388,92.880266
781.17048,84.201554,80.066583,92.939304
779.241664,84.087143,79.942592,92.955913
777.312848,83.886046,79.745579,92.888831
775.384032,83.659576,79.537722,92.841569
773.455216,83.38551,79.283526,92.771351
771.5264,83.04472,78.982218,92.657851
769.597584,82.719702,78.64736,92.606941
767.668768,82.363031,78.293349,92.544145
765.739952,81.989828,77.932042,92.435644
763.811136,81.747549,77.64742,92.354724
761.88232,81.568768,77.450512,92.255576
759.953504,81.504654,77.357516,92.231172
758.024688,81.588014,77.403357,92.273303
756.095872,81.723216,77.543585,92.301119
754.167056,81.956225,77.746066,92.319188
752.23824,82.228534,77.992979,92.338231
750.309424,82.437076,78.243798,92.376515
748.380608,82.672382,78.488974,92.447822
746.451792,82.880824,78.608526,92.439304
744.522976,83.016586,78.634391,92.365944
742.59416,83.095647,78.632765,92.308705
740.665344,83.116424,78.577804,92.202371
738.736528,83.095906,78.521892,92.144061
736.807712,83.063519,78.491972,92.181181
734.878896,83.055637,78.518206,92.251219
732.95008,83.025469,78.552283,92.340529
731.021264,82.938904,78.496819,92.378664
729.092448,82.916511,78.483328,92.471797
727.163632,82.834198,78.428597,92.504789
725.234816,82.628073,78.217249,92.399134
723.306,82.444523,77.949161,92.317749
721.377184,82.254778,77.679711,92.277402
719.448368,81.972919,77.360693,92.205774
717.519552,81.664724,77.062808,92.083219
715.590736,81.365947,76.792113,91.974955
713.66192,81.07692,76.455382,91.867351
711.733104,80.841493,76.161654,91.773329
709.804288,80.662932,75.950092,91.733736
707.875472,80.548682,75.825838,91.782736
705.946656,80.447937,75.727129,91.739448
704.01784,80.441728,75.753142,91.730187
702.089024,80.494496,75.881671,91.806131
700.160208,80.579767,75.968615,91.844366
698.231392,80.704691,76.053034,91.842749
696.302576,80.85425,76.201335,91.904677
694.37376,80.958214,76.297879,91.974767
692.444944,80.962527,76.365455,91.919596
690.516128,80.991388,76.375037,91.89566
688.587312,81.057788,76.335718,91.976
686.658496,81.108627,76.352277,92.071163
684.72968,81.074107,76.358403,92.045717
682.800864,81.002704,76.23495,91.924141
680.872048,80.97014,76.165179,91.896146
678.943232,80.886081,76.112719,91.935144
677.014416,80.820549,76.035788,91.885904
675.0856,80.769991,75.884837,91.762037
673.156784,80.777766,75.745157,91.753501
671.227968,80.716054,75.733811,91.691888
669.299152,80.673595,75.88232,91.580248
667.370336,80.386434,75.205376,91.303156
665.44152,80.349944,75.108364,91.35397
663.512704,80.489495,75.323002,91.489378
661.583888,80.565443,75.352847,91.570574
659.655072,80.542765,75.357058,91.455627
657.726256,80.548423,75.361914,91.396391
655.79744,80.630678,75.498709,91.501855
653.868624,80.677236,75.575646,91.476493
651.939808,80.753683,75.714234,91.465775
650.010992,80.95244,75.942649,91.68451
648.082176,80.997767,75.920536,91.602931
646.15336,80.863765,75.846508,91.490395
644.224544,80.919315,75.883775,91.599266
642.295728,81.131815,76.120381,91.68264
640.366912,81.360259,76.423227,91.762239
638.438096,81.546198,76.542824,91.876041
636.50928,81.74209,76.748993,91.957229
634.580464,81.877521,76.803239,91.878494
632.651648,81.801851,76.77147,91.833056
630.722832,82.031211,77.007446,92.214931
628.794016,82.298684,77.191469,92.546137
626.8652,82.148154,77.204316,92.3907
624.936384,82.047777,77.366363,92.098379
623.007568,82.082489,77.522258,91.90911
621.078752,82.416108,77.856025,92.076114
619.149936,82.687293,78.050075,92.319797
617.22112,82.529291,77.864728,92.3564
615.292304,82.344587,77.727915,92.129806
613.363488,82.221273,77.614828,92.199105
611.434672,82.125585,77.327359,92.261309
609.505856,81.653988,76.927779,91.927722
607.57704,81.020465,76.663576,91.703043
605.648224,80.633139,76.150274,91.378504
603.719408,80.429362,75.725076,91.177601
601.790592,80.536306,75.80641,91.23101
599.861776,80.682929,75.957706,91.480413
597.93296,80.979225,76.390151,91.850066
596.004144,81.23641,76.458662,91.844998
594.075328,81.157432,76.246019,91.474249
592.146512,81.641387,77.167739,91.709409
590.217696,81.928404,77.612745,92.029864
588.28888,81.478785,76.836827,91.713457
586.360064,81.870664,77.242187,91.965596
584.431248,82.537831,78.442683,92.226369
582.502432,83.089167,79.586896,92.459524
580.573616,83.692093,80.725991,92.80896
578.6448,84.094953,81.147509,92.973762
576.715984,83.98697,80.973983,93.49131
574.787168,84.616282,80.85869,93.492415
572.858352,85.714105,81.659765,93.491175
570.929536,85.453293,82.432087,93.133137
569.00072,84.829261,82.49212,92.429293
567.071904,84.229435,81.87704,91.832634
565.143088,84.680748,81.509185,92.08115
563.214272,86.379284,82.174194,93.785819
561.285456,87.312148,83.166767,95.017125
559.35664,87.250018,83.734321,94.955308
557.427824,87.281233,84.346681,95.303006
555.499008,87.878815,84.19626,95.436704
553.570192,88.881088,84.762409,95.315712
551.641376,89.058504,86.172915,95.446837
549.71256,87.990448,86.051754,94.682599
547.783744,88.139992,86.777607,94.024364
545.854928,89.80214,86.788593,94.589483
543.926112,90.572179,86.814172,95.549355
541.997296,90.811954,88.739576,96.355224
540.06848,92.173827,89.946461,96.442373
538.139664,92.552831,91.30248,97.991988
536.210848,92.275405,91.73099,97.690086
534.282032,93.380554,92.176271,97.248322
532.353216,95.602487,94.137817,97.712322
530.4244,94.8497,94.654012,97.207116
528.495584,93.283608,94.072285,96.64069
526.566768,94.606974,95.584215,96.981724
524.637952,99.622859,99.272168,99.434138
522.709136,100.940478,99.662864,100.739677
520.78032,100.408676,100.597535,101.427976
518.851504,100.194958,101.649927,101.556383
516.922688,102.320954,102.287675,102.219585
514.993872,103.359113,100.685195,102.385552
513.065056,103.973308,99.707297,101.838488
511.13624,104.957044,101.373233,101.719473
509.207424,105.309038,104.352409,101.543608
507.278608,104.430841,106.126754,102.200396
505.349792,101.953022,103.954101,102.218583
503.420976,103.46208,102.236739,101.120819
501.49216,108.054104,104.55514,103.166604
499.563344,104.980345,105.060732,104.080475
497.634528,102.611821,105.608198,103.127209
495.705712,102.234372,105.411002,102.314909
493.776896,103.122823,104.902841,102.231894
491.84808,102.68261,107.609025,102.652664
489.919264,104.594694,113.197322,104.688824
487.990448,105.656945,110.718583,103.61395
486.061632,105.611737,107.492141,105.350626
484.132816,105.180533,107.32381,104.66891
482.204,102.487878,109.859342,102.008203
480.275184,101.702153,108.015591,101.033392
478.346368,98.792828,101.463858,98.881411
476.417552,98.988313,100.712692,98.190238
474.488736,104.056992,102.427528,98.340572
472.55992,111.279797,104.361955,104.640361
470.631104,112.444868,108.566898,110.880288
468.702288,112.421778,113.087065,108.019944
466.773472,108.145029,111.345605,102.721152
464.844656,102.966906,106.049184,103.071904
462.91584,104.461123,102.648738,99.783532
460.987024,101.091291,97.493509,94.110112
459.058208,97.072965,97.820194,92.707681
457.129392,99.097252,102.921713,94.249853
455.200576,97.450229,98.352363,92.893306
453.27176,100.231588,95.924228,93.071009
451.342944,105.268371,100.677374,98.444089
449.414128,107.470778,108.690177,104.53591
447.485312,107.562866,109.104972,115.399929
445.556496,109.615906,101.957888,120.434406
443.62768,106.599105,102.379594,109.776395
441.698864,104.589214,102.149205,97.324384
439.770048,107.566829,106.604455,101.214301
437.841232,105.77821,107.29053,103.248859
435.912416,94.877397,101.466193,99.877596
433.9836,91.888723,101.958842,99.695212
432.054784,96.266099,105.101231,102.846325
430.125968,104.58868,107.553901,105.239083
428.197152,107.551782,110.25302,104.079194
426.268336,106.182353,107.822767,98.76662
424.33952,105.348849,102.024218,93.191576
422.410704,105.178153,100.579113,95.608986
420.481888,96.155001,95.92119,98.455253
418.553072,89.975635,90.899758,99.483428
416.624256,96.87789,99.9055,102.189204
414.69544,104.936647,105.878159,103.530098
412.766624,107.48761,107.53226,104.833354
410.837808,99.432534,104.174121,98.714597
408.908992,92.387645,98.88165,92.29454
406.980176,97.289147,95.849664,93.802828
405.05136,100.274622,92.378763,93.787951
403.122544,101.747406,96.526494,97.233106
401.193728,91.921012,93.979635,86.511892
399.264912,83.915381,82.098032,80.814175
