wavenumber,AKD-TPS_20,K2S2O8-starch1
4000.364384,101.205876,100.830689
3998.435568,101.163102,100.806908
3996.506752,101.148864,100.76988
3994.577936,101.139305,100.768978
3992.64912,101.149749,100.748567
3990.720304,101.158475,100.736687
3988.791488,101.129647,100.743704
3986.862672,101.124537,100.761856
3984.933856,101.162216,100.807934
3983.00504,101.164015,100.787356
3981.076224,101.153567,100.746082
3979.147408,101.113114,100.740413
3977.218592,101.094071,100.744495
3975.289776,101.103747,100.746582
3973.36096,101.103329,100.757346
3971.432144,101.108323,100.758945
3969.503328,101.109754,100.775592
3967.574512,101.087858,100.761553
3965.645696,101.086918,100.74106
3963.71688,101.072552,100.698245
3961.788064,101.043743,100.691398
3959.859248,101.027225,100.715801
3957.930432,101.001571,100.714183
3956.001616,101.016092,100.689653
3954.0728,101.034922,100.710254
3952.143984,101.019126,100.710363
3950.215168,100.968267,100.691648
3948.286352,100.917761,100.662569
3946.357536,100.887758,100.627772
3944.42872,100.920838,100.633077
3942.499904,100.917763,100.619789
3940.571088,100.967302,100.613152
3938.642272,101.048429,100.681265
3936.713456,101.115094,100.752302
3934.78464,101.116192,100.751143
3932.855824,101.02782,100.665295
3930.927008,100.907576,100.590932
3928.998192,100.903381,100.606834
3927.069376,100.91254,100.62984
3925.14056,100.877597,100.583181
3923.211744,100.884446,100.607242
3921.282928,100.884229,100.638037
3919.354112,100.873941,100.63041
3917.425296,100.827174,100.603333
3915.49648,100.843197,100.617967
3913.567664,100.927108,100.645465
3911.638848,101.003733,100.7018
3909.710032,101.062079,100.765914
3907.781216,101.021585,100.736753
3905.8524,100.859968,100.602621
3903.923584,100.624604,100.44847
3901.994768,100.407637,100.327779
3900.065952,100.345185,100.33118
3898.137136,100.478744,100.440113
3896.20832,100.686464,100.531404
3894.279504,100.764133,100.542153
3892.350688,100.738308,100.530105
3890.421872,100.779463,100.645616
3888.493056,100.803098,100.645311
3886.56424,100.769136,100.513596
3884.635424,100.713322,100.534509
3882.706608,100.619583,100.487922
3880.777792,100.531654,100.410453
3878.848976,100.639324,100.519457
3876.92016,100.79712,100.607323
3874.991344,100.827544,100.57216
3873.062528,100.744123,100.518499
3871.133712,100.611862,100.396001
3869.204896,100.565579,100.436437
3867.27608,100.552253,100.464553
3865.347264,100.505271,100.383014
3863.418448,100.542836,100.409517
3861.489632,100.637335,100.478579
3859.560816,100.763428,100.557523
3857.632,100.792183,100.554659
3855.703184,100.744794,100.480691
3853.774368,100.488395,100.291319
3851.845552,100.28104,100.24549
3849.916736,100.406759,100.363629
3847.98792,100.65683,100.521292
3846.059104,100.839267,100.62863
3844.130288,100.833374,100.576501
3842.201472,100.690493,100.463811
3840.272656,100.493442,100.364826
3838.34384,100.387765,100.299752
3836.415024,100.397538,100.334984
3834.486208,100.488899,100.422095
3832.557392,100.587414,100.465077
3830.628576,100.666993,100.514198
3828.69976,100.690759,100.501031
3826.770944,100.689364,100.511374
3824.842128,100.676718,100.506004
3822.913312,100.61319,100.420917
3820.984496,100.50418,100.406611
3819.05568,100.414239,100.387949
3817.126864,100.404253,100.314779
3815.198048,100.497306,100.450356
3813.269232,100.629433,100.560131
3811.340416,100.803245,100.646017
3809.4116,100.933011,100.686443
3807.482784,100.934623,100.645058
3805.553968,100.753345,100.566237
3803.625152,100.540384,100.446937
3801.696336,100.491104,100.414951
3799.76752,100.514802,100.441385
3797.838704,100.51633,100.418957
3795.909888,100.635689,100.495456
3793.981072,100.78919,100.61756
3792.052256,100.927463,100.725019
3790.12344,100.992987,100.748486
3788.194624,100.998157,100.708488
3786.265808,100.994514,100.658344
3784.336992,100.983287,100.623566
3782.408176,100.967802,100.602933
3780.47936,100.879929,100.533952
3778.550544,100.850113,100.561076
3776.621728,100.885138,100.647757
3774.692912,100.922154,100.65318
3772.764096,100.931376,100.64038
3770.83528,100.854188,100.578743
3768.906464,100.756468,100.545282
3766.977648,100.650074,100.453557
3765.048832,100.627982,100.410033
3763.120016,100.71067,100.48928
3761.1912,100.717756,100.494813
3759.262384,100.583373,100.385179
3757.333568,100.509207,100.355079
3755.404752,100.554738,100.357074
3753.475936,100.53904,100.285467
3751.54712,100.275462,100.134692
3749.618304,100.003055,100.042056
3747.689488,99.993306,100.054155
3745.760672,100.063587,100.102459
3743.831856,100.04908,100.175233
3741.90304,99.928224,100.047016
3739.974224,100.029033,100.03022
3738.045408,100.100603,100.041168
3736.116592,99.837447,99.772422
3734.187776,99.58461,99.627387
3732.25896,99.724737,99.823017
3730.330144,100.013525,100.053276
3728.401328,100.199183,100.099044
3726.472512,100.18115,100.069575
3724.543696,100.111999,100.050976
3722.61488,100.101063,100.018592
3720.686064,100.196148,100.087419
3718.757248,100.332404,100.184059
3716.828432,100.53811,100.318559
3714.899616,100.5612,100.322259
3712.9708,100.389074,100.164314
3711.041984,100.152185,100.024483
3709.113168,100.102659,100.033764
3707.184352,100.277136,100.116178
3705.255536,100.456685,100.18372
3703.32672,100.516831,100.228231
3701.397904,100.464809,100.200134
3699.469088,100.456082,100.168944
3697.540272,100.47835,100.129151
3695.611456,100.537138,100.155142
3693.68264,100.544215,100.118994
3691.753824,100.416468,99.977594
3689.825008,100.254993,99.82852
3687.896192,100.211074,99.859862
3685.967376,100.321709,99.95358
3684.03856,100.449968,100.046343
3682.109744,100.538751,100.118888
3680.180928,100.560681,100.113603
3678.252112,100.492048,99.992947
3676.323296,100.28054,99.768953
3674.39448,100.085056,99.637285
3672.465664,100.05852,99.574653
3670.536848,100.022084,99.477286
3668.608032,100.124247,99.603382
3666.679216,100.373852,99.746572
3664.7504,100.586978,99.786279
3662.821584,100.691887,99.82325
3660.892768,100.691573,99.747057
3658.963952,100.667349,99.661397
3657.035136,100.642975,99.586126
3655.10632,100.568319,99.442954
3653.177504,100.51342,99.340184
3651.248688,100.318682,99.11016
3649.319872,99.912117,98.766328
3647.391056,99.673125,98.520686
3645.46224,99.934063,98.614634
3643.533424,100.270536,98.783092
3641.604608,100.449983,98.82169
3639.675792,100.506994,98.765203
3637.746976,100.463435,98.677724
3635.81816,100.403059,98.533989
3633.889344,100.31914,98.367181
3631.960528,100.211721,98.199106
3630.031712,100.045093,98.000012
3628.102896,99.750044,97.773989
3626.17408,99.733112,97.61499
3624.245264,99.998183,97.647127
3622.316448,100.079585,97.590773
3620.387632,99.984076,97.420919
3618.458816,99.864112,97.255956
3616.53,99.754399,97.035376
3614.601184,99.733736,96.896176
3612.672368,99.798543,96.819934
3610.743552,99.848221,96.745078
3608.814736,99.769452,96.56916
3606.88592,99.780303,96.450313
3604.957104,99.865991,96.41698
3603.028288,99.952515,96.355155
3601.099472,99.934091,96.173977
3599.170656,99.858791,95.956267
3597.24184,99.797425,95.782965
3595.313024,99.746116,95.629877
3593.384208,99.732828,95.454093
3591.455392,99.776116,95.3097
3589.526576,99.749264,95.148657
3587.59776,99.612907,94.944791
3585.668944,99.567724,94.829166
3583.740128,99.699871,94.753139
3581.811312,99.812709,94.657937
3579.882496,99.87605,94.531424
3577.95368,99.862136,94.373177
3576.024864,99.843526,94.234521
3574.096048,99.86002,94.082251
3572.167232,99.925007,93.912349
3570.238416,99.89517,93.685848
3568.3096,99.621805,93.332682
3566.380784,99.298041,92.972078
3564.451968,99.290671,92.804576
3562.523152,99.448588,92.741493
3560.594336,99.594177,92.665052
3558.66552,99.6917,92.554233
3556.736704,99.695208,92.400784
3554.807888,99.624565,92.149255
3552.879072,99.571,91.907284
3550.950256,99.585483,91.72198
3549.02144,99.508974,91.517558
3547.092624,99.340582,91.273104
3545.163808,99.208649,91.039874
3543.234992,99.276915,90.864196
3541.306176,99.415042,90.771339
3539.37736,99.427538,90.626811
3537.448544,99.366943,90.384661
3535.519728,99.329961,90.129133
3533.590912,99.362113,89.988479
3531.662096,99.375392,89.793708
3529.73328,99.258067,89.505379
3527.804464,99.140419,89.256642
3525.875648,99.091047,89.061635
3523.946832,99.052037,88.873464
3522.018016,99.075465,88.715663
3520.0892,99.124103,88.537489
3518.160384,99.125021,88.36532
3516.231568,99.159626,88.219263
3514.302752,99.159485,88.073706
3512.373936,99.113781,87.847187
3510.44512,99.033851,87.601442
3508.516304,98.985687,87.430618
3506.587488,98.955496,87.25258
3504.658672,98.905499,87.031492
3502.729856,98.795392,86.77249
3500.80104,98.738212,86.576885
3498.872224,98.827633,86.48761
3496.943408,98.884927,86.392619
3495.014592,98.885229,86.202806
3493.085776,98.860385,85.982975
3491.15696,98.846117,85.836996
3489.228144,98.781284,85.647322
3487.299328,98.716418,85.44616
3485.370512,98.699883,85.271369
3483.441696,98.660098,85.092207
3481.51288,98.591915,84.908893
3479.584064,98.531662,84.715606
3477.655248,98.564892,84.53964
3475.726432,98.552406,84.383958
3473.797616,98.48125,84.204237
3471.8688,98.48478,84.040442
3469.939984,98.494315,83.866549
3468.011168,98.440611,83.692776
3466.082352,98.382927,83.501791
3464.153536,98.359781,83.329022
3462.22472,98.334719,83.155673
3460.295904,98.333326,82.989381
3458.367088,98.357916,82.831762
3456.438272,98.345308,82.652318
3454.509456,98.279342,82.462811
3452.58064,98.255583,82.300925
3450.651824,98.255885,82.160514
3448.723008,98.212939,82.004111
3446.794192,98.148047,81.807906
3444.865376,98.142553,81.610839
3442.93656,98.149567,81.45941
3441.007744,98.148125,81.319894
3439.078928,98.130579,81.186501
3437.150112,98.112454,81.060923
3435.221296,98.130955,80.950598
3433.29248,98.10085,80.817462
3431.363664,98.027108,80.629272
3429.434848,98.018422,80.471019
3427.506032,98.033128,80.291448
3425.577216,97.989837,80.082123
3423.6484,97.95599,79.924859
3421.719584,97.918621,79.7827
3419.790768,97.864381,79.58889
3417.861952,97.845426,79.422309
3415.933136,97.854707,79.309278
3414.00432,97.825207,79.201154
3412.075504,97.824091,79.116608
3410.146688,97.804728,79.005717
3408.217872,97.736453,78.845509
3406.289056,97.704222,78.660587
3404.36024,97.707381,78.512056
3402.431424,97.666989,78.384879
3400.502608,97.628394,78.265986
3398.573792,97.611631,78.124659
3396.644976,97.603797,77.966454
3394.71616,97.555332,77.838742
3392.787344,97.490099,77.734398
3390.858528,97.491721,77.623566
3388.929712,97.507323,77.500802
3387.000896,97.490647,77.364975
3385.07208,97.476735,77.237077
3383.143264,97.418071,77.117401
3381.214448,97.37974,77.006757
3379.285632,97.394791,76.908252
3377.356816,97.412227,76.791944
3375.428,97.417528,76.693332
3373.499184,97.413094,76.592171
3371.570368,97.408795,76.500699
3369.641552,97.412785,76.431189
3367.712736,97.39834,76.371599
3365.78392,97.361941,76.294004
3363.855104,97.350117,76.185193
3361.926288,97.361299,76.075563
3359.997472,97.345133,75.979445
3358.068656,97.353506,75.93286
3356.13984,97.34382,75.829324
3354.211024,97.311514,75.736722
3352.282208,97.32058,75.71468
3350.353392,97.347695,75.70909
3348.424576,97.344241,75.64796
3346.49576,97.302104,75.530211
3344.566944,97.267823,75.444758
3342.638128,97.266927,75.409212
3340.709312,97.290385,75.401092
3338.780496,97.244794,75.365353
3336.85168,97.185281,75.290082
3334.922864,97.176549,75.198964
3332.994048,97.21584,75.154149
3331.065232,97.256949,75.142054
3329.136416,97.216017,75.108921
3327.2076,97.187564,75.107292
3325.278784,97.159267,75.068211
3323.349968,97.162839,75.013621
3321.421152,97.188383,74.979981
3319.492336,97.166371,74.946736
3317.56352,97.106677,74.916943
3315.634704,97.084579,74.918916
3313.705888,97.089175,74.900227
3311.777072,97.085816,74.883522
3309.848256,97.081657,74.873459
3307.91944,97.080581,74.869871
3305.990624,97.089316,74.879477
3304.061808,97.101971,74.882011
3302.132992,97.109177,74.86219
3300.204176,97.094457,74.8471
3298.27536,97.1069,74.82991
3296.346544,97.125922,74.864249
3294.417728,97.130606,74.906394
3292.488912,97.164063,74.901113
3290.560096,97.177478,74.877627
3288.63128,97.188536,74.858253
3286.702464,97.181138,74.835766
3284.773648,97.154733,74.861695
3282.844832,97.147469,74.902386
3280.916016,97.196154,74.95901
3278.9872,97.229456,74.974663
3277.058384,97.216503,74.974647
3275.129568,97.178085,75.009026
3273.200752,97.171544,75.060714
3271.271936,97.184692,75.098049
3269.34312,97.200046,75.155767
3267.414304,97.216295,75.167007
3265.485488,97.250167,75.181489
3263.556672,97.262127,75.229796
3261.627856,97.224322,75.235599
3259.69904,97.171369,75.248039
3257.770224,97.162189,75.325071
3255.841408,97.179543,75.385455
3253.912592,97.20223,75.475512
3251.983776,97.217888,75.55749
3250.05496,97.217964,75.604944
3248.126144,97.238094,75.669221
3246.197328,97.232471,75.764145
3244.268512,97.207435,75.824146
3242.339696,97.230876,75.888069
3240.41088,97.232011,75.961442
3238.482064,97.229031,76.04848
3236.553248,97.258966,76.143478
3234.624432,97.28103,76.274422
3232.695616,97.293294,76.402569
3230.7668,97.321945,76.493761
3228.837984,97.312759,76.548416
3226.909168,97.288086,76.60901
3224.980352,97.321854,76.708969
3223.051536,97.365312,76.821282
3221.12272,97.370709,76.908766
3219.193904,97.387852,77.028323
3217.265088,97.411843,77.170797
3215.336272,97.428048,77.293974
3213.407456,97.462404,77.387041
3211.47864,97.488674,77.505191
3209.549824,97.479977,77.621627
3207.621008,97.493559,77.718779
3205.692192,97.544386,77.868291
3203.763376,97.616311,78.071158
3201.83456,97.611673,78.217252
3199.905744,97.622458,78.322344
3197.976928,97.674071,78.432135
3196.048112,97.679655,78.555625
3194.119296,97.671679,78.67077
3192.19048,97.677678,78.82727
3190.261664,97.686803,78.983514
3188.332848,97.734423,79.135283
3186.404032,97.750533,79.260256
3184.475216,97.763436,79.387726
3182.5464,97.787337,79.549997
3180.617584,97.794302,79.716317
3178.688768,97.79269,79.847593
3176.759952,97.812035,80.019131
3174.831136,97.850185,80.202165
3172.90232,97.887067,80.336053
3170.973504,97.905698,80.481252
3169.044688,97.922056,80.678813
3167.115872,97.948258,80.85703
3165.187056,97.992444,81.043533
3163.25824,98.00855,81.214636
3161.329424,98.054738,81.407646
3159.400608,98.087024,81.580485
3157.471792,98.078889,81.685734
3155.542976,98.088299,81.858122
3153.61416,98.105543,82.044815
3151.685344,98.132067,82.226486
3149.756528,98.120419,82.417159
3147.827712,98.141977,82.589653
3145.898896,98.210764,82.766889
3143.97008,98.24868,82.938011
3142.041264,98.282849,83.080669
3140.112448,98.297389,83.238556
3138.183632,98.33285,83.434528
3136.254816,98.382697,83.599279
3134.326,98.392352,83.727366
3132.397184,98.391232,83.880267
3130.468368,98.425755,84.070659
3128.539552,98.443838,84.271293
3126.610736,98.434412,84.421476
3124.68192,98.450637,84.581966
3122.753104,98.470236,84.751562
3120.824288,98.493845,84.899205
3118.895472,98.500948,85.047517
3116.966656,98.513931,85.20254
3115.03784,98.533655,85.345752
3113.109024,98.560527,85.508988
3111.180208,98.590066,85.683111
3109.251392,98.613115,85.850814
3107.322576,98.645403,86.013517
3105.39376,98.657313,86.116838
3103.464944,98.639855,86.229616
3101.536128,98.624794,86.357864
3099.607312,98.657205,86.50549
3097.678496,98.720634,86.664675
3095.74968,98.733202,86.814313
3093.820864,98.737161,86.954222
3091.892048,98.7737,87.135547
3089.963232,98.790201,87.286932
3088.034416,98.829855,87.424695
3086.1056,98.882419,87.591767
3084.176784,98.875386,87.721043
3082.247968,98.881698,87.825515
3080.319152,98.911544,87.955301
3078.390336,98.948095,88.109287
3076.46152,98.959084,88.251513
3074.532704,98.971495,88.374632
3072.603888,99.018358,88.515457
3070.675072,99.036052,88.639733
3068.746256,99.024315,88.740132
3066.81744,99.018232,88.855891
3064.888624,99.031333,88.980545
3062.959808,99.068447,89.112346
3061.030992,99.10047,89.244909
3059.102176,99.12018,89.372078
3057.17336,99.137563,89.509334
3055.244544,99.153072,89.627102
3053.315728,99.172433,89.724814
3051.386912,99.190042,89.828918
3049.458096,99.204284,89.947008
3047.52928,99.224371,90.030843
3045.600464,99.224259,90.125017
3043.671648,99.213851,90.255016
3041.742832,99.217985,90.356381
3039.814016,99.226662,90.444853
3037.8852,99.250145,90.52568
3035.956384,99.250227,90.573931
3034.027568,99.2729,90.651309
3032.098752,99.284299,90.759972
3030.169936,99.276713,90.84665
3028.24112,99.292643,90.913911
3026.312304,99.3394,91.006387
3024.383488,99.377387,91.106789
3022.454672,99.372035,91.172174
3020.525856,99.360189,91.230169
3018.59704,99.358461,91.292727
3016.668224,99.383734,91.348546
3014.739408,99.396953,91.418017
3012.810592,99.392668,91.477682
3010.881776,99.394881,91.515106
3008.95296,99.392507,91.549188
3007.024144,99.401952,91.578959
3005.095328,99.400648,91.569319
3003.166512,99.404864,91.609199
3001.237696,99.437026,91.667695
2999.30888,99.458499,91.685259
2997.380064,99.448927,91.702465
2995.451248,99.422298,91.678358
2993.522432,99.39228,91.620398
2991.593616,99.387928,91.582999
2989.6648,99.39965,91.548675
2987.735984,99.369246,91.480259
2985.807168,99.334206,91.390155
2983.878352,99.340319,91.314172
2981.949536,99.352905,91.236495
2980.02072,99.297172,91.087013
2978.091904,99.234665,90.924084
2976.163088,99.21172,90.794254
2974.234272,99.188373,90.64401
2972.305456,99.140224,90.457077
2970.37664,99.093709,90.277924
2968.447824,99.041742,90.059923
2966.519008,98.972917,89.79673
2964.590192,98.904229,89.533432
2962.661376,98.839449,89.302283
2960.73256,98.805796,89.057399
2958.803744,98.760738,88.807495
2956.874928,98.716494,88.581479
2954.946112,98.691516,88.376523
2953.017296,98.68532,88.184337
2951.08848,98.704273,88.009162
2949.159664,98.67703,87.780239
2947.230848,98.638439,87.521274
2945.302032,98.627718,87.274947
2943.373216,98.588703,87.002257
2941.4444,98.522384,86.684093
2939.515584,98.4734,86.396685
2937.586768,98.427462,86.140539
2935.657952,98.357804,85.864864
2933.729136,98.31383,85.646519
2931.80032,98.272023,85.470683
2929.871504,98.217097,85.338276
2927.942688,98.157031,85.25991
2926.013872,98.117404,85.210661
2924.085056,98.064575,85.189827
2922.15624,97.960784,85.204358
2920.227424,97.8688,85.226346
2918.298608,97.787306,85.241417
2916.369792,97.725651,85.316413
2914.440976,97.798057,85.573336
2912.51216,97.990904,85.978136
2910.583344,98.18283,86.378375
2908.654528,98.305616,86.649199
2906.725712,98.395117,86.855612
2904.796896,98.461832,87.05155
2902.86808,98.485765,87.16005
2900.939264,98.509454,87.209047
2899.010448,98.543575,87.258722
2897.081632,98.549141,87.321814
2895.152816,98.535457,87.361744
2893.224,98.551645,87.383445
2891.295184,98.536623,87.422562
2889.366368,98.534154,87.488602
2887.437552,98.548142,87.558982
2885.508736,98.577965,87.662285
2883.57992,98.606239,87.765775
2881.651104,98.596777,87.87056
2879.722288,98.612065,88.013024
2877.793472,98.645481,88.156665
2875.864656,98.68557,88.275515
2873.93584,98.725498,88.435721
2872.007024,98.733165,88.59369
2870.078208,98.762419,88.758157
2868.149392,98.821142,88.944376
2866.220576,98.855254,89.108976
2864.29176,98.884085,89.259478
2862.362944,98.907135,89.38096
2860.434128,98.892516,89.447057
2858.505312,98.869197,89.495906
2856.576496,98.883089,89.57671
2854.64768,98.87139,89.628109
2852.718864,98.765894,89.585399
2850.790048,98.633993,89.529019
2848.861232,98.569282,89.552273
2846.932416,98.649344,89.767757
2845.0036,98.830555,90.135645
2843.074784,98.999077,90.50939
2841.145968,99.105268,90.793488
2839.217152,99.163734,90.979825
2837.288336,99.185826,91.130623
2835.35952,99.205452,91.3018
2833.430704,99.225116,91.440698
2831.501888,99.250836,91.560724
2829.573072,99.268532,91.665122
2827.644256,99.287144,91.777013
2825.71544,99.317839,91.877492
2823.786624,99.324817,91.962833
2821.857808,99.327772,92.06909
2819.928992,99.336461,92.163632
2818.000176,99.327583,92.227074
2816.07136,99.31907,92.302215
2814.142544,99.326411,92.396187
2812.213728,99.34522,92.481662
2810.284912,99.364892,92.547649
2808.356096,99.366214,92.604573
2806.42728,99.36197,92.655701
2804.498464,99.375769,92.727371
2802.569648,99.388665,92.813385
2800.640832,99.399199,92.886191
2798.712016,99.410848,92.938894
2796.7832,99.445918,93.010488
2794.854384,99.469582,93.066613
2792.925568,99.47062,93.097572
2790.996752,99.467168,93.149166
2789.067936,99.477431,93.206762
2787.13912,99.478564,93.246259
2785.210304,99.463703,93.286881
2783.281488,99.478249,93.347505
2781.352672,99.516886,93.414406
2779.423856,99.506718,93.44531
2777.49504,99.513787,93.472499
2775.566224,99.523529,93.511001
2773.637408,99.525148,93.536531
2771.708592,99.535842,93.573484
2769.779776,99.527376,93.606782
2767.85096,99.536259,93.639588
2765.922144,99.551464,93.668048
2763.993328,99.54706,93.701949
2762.064512,99.543714,93.733156
2760.135696,99.551536,93.76146
2758.20688,99.564917,93.796432
2756.278064,99.567552,93.803695
2754.349248,99.531197,93.791299
2752.420432,99.502099,93.797149
2750.491616,99.519241,93.827438
2748.5628,99.525739,93.85339
2746.633984,99.509167,93.882093
2744.705168,99.498908,93.904342
2742.776352,99.492611,93.91988
2740.847536,99.482163,93.950983
2738.91872,99.48744,93.971512
2736.989904,99.520488,93.979045
2735.061088,99.527644,94.029253
2733.132272,99.507383,94.068343
2731.203456,99.502814,94.096054
2729.27464,99.528063,94.13592
2727.345824,99.517984,94.148506
2725.417008,99.501731,94.163342
2723.488192,99.52451,94.211609
2721.559376,99.542124,94.260539
2719.63056,99.541513,94.282442
2717.701744,99.526639,94.311716
2715.772928,99.535127,94.358887
2713.844112,99.561259,94.403323
2711.915296,99.596115,94.434717
2709.98648,99.608451,94.456016
2708.057664,99.590503,94.485605
2706.128848,99.575271,94.508606
2704.200032,99.594391,94.537868
2702.271216,99.619777,94.564275
2700.3424,99.616363,94.581494
2698.413584,99.605005,94.606391
2696.484768,99.597972,94.602849
2694.555952,99.595752,94.600267
2692.627136,99.585066,94.614996
2690.69832,99.582596,94.628078
2688.769504,99.593627,94.660561
2686.840688,99.606612,94.680816
2684.911872,99.607742,94.703978
2682.983056,99.600097,94.729295
2681.05424,99.600461,94.731923
2679.125424,99.619071,94.754812
2677.196608,99.642582,94.772702
2675.267792,99.628352,94.759769
2673.338976,99.601227,94.754759
2671.41016,99.609545,94.790067
2669.481344,99.619445,94.815394
2667.552528,99.618126,94.83301
2665.623712,99.622255,94.863124
2663.694896,99.623969,94.858196
2661.76608,99.596487,94.849189
2659.837264,99.587051,94.876968
2657.908448,99.618805,94.91904
2655.979632,99.634704,94.938436
2654.050816,99.616798,94.95315
2652.122,99.60242,94.966772
2650.193184,99.607711,94.983047
2648.264368,99.632252,95.025341
2646.335552,99.648671,95.053673
2644.406736,99.661959,95.064418
2642.47792,99.658708,95.075153
2640.549104,99.664506,95.08967
2638.620288,99.659791,95.110129
2636.691472,99.634032,95.130532
2634.762656,99.647433,95.155032
2632.83384,99.678314,95.179339
2630.905024,99.684524,95.206999
2628.976208,99.670058,95.235503
2627.047392,99.681583,95.265413
2625.118576,99.693502,95.265548
2623.18976,99.71247,95.277678
2621.260944,99.713841,95.294041
2619.332128,99.716845,95.329472
2617.403312,99.699851,95.340999
2615.474496,99.67805,95.326484
2613.54568,99.66404,95.348655
2611.616864,99.676687,95.377012
2609.688048,99.68876,95.397019
2607.759232,99.681275,95.390134
2605.830416,99.688593,95.400892
2603.9016,99.664653,95.407569
2601.972784,99.626237,95.428213
2600.043968,99.648303,95.468919
2598.115152,99.670394,95.490584
2596.186336,99.661446,95.510308
2594.25752,99.672262,95.534038
2592.328704,99.702611,95.574088
2590.399888,99.687201,95.585221
2588.471072,99.677492,95.585994
2586.542256,99.67422,95.57505
2584.61344,99.638477,95.552769
2582.684624,99.648101,95.571762
2580.755808,99.711679,95.626899
2578.826992,99.720908,95.639663
2576.898176,99.704687,95.634425
2574.96936,99.686357,95.63241
2573.040544,99.647252,95.639854
2571.111728,99.663446,95.664856
2569.182912,99.717928,95.701025
2567.254096,99.734539,95.723296
2565.32528,99.756376,95.74204
2563.396464,99.786881,95.791044
2561.467648,99.745026,95.79185
2559.538832,99.694866,95.767021
2557.610016,99.683399,95.761348
2555.6812,99.68611,95.781022
2553.752384,99.685947,95.784345
2551.823568,99.684636,95.786838
2549.894752,99.701142,95.834938
2547.965936,99.720633,95.883052
2546.03712,99.716126,95.885312
2544.108304,99.681162,95.897217
2542.179488,99.670223,95.88592
2540.250672,99.648579,95.858378
2538.321856,99.658594,95.858503
2536.39304,99.701418,95.924864
2534.464224,99.704731,95.953856
2532.535408,99.654736,95.92103
2530.606592,99.636009,95.919701
2528.677776,99.668698,95.932335
2526.74896,99.699833,95.990115
2524.820144,99.67309,96.05004
2522.891328,99.642363,96.055486
2520.962512,99.647818,96.042467
2519.033696,99.63922,96.034028
2517.10488,99.658274,96.046206
2515.176064,99.673362,96.060267
2513.247248,99.6677,96.070282
2511.318432,99.676182,96.095568
2509.389616,99.656041,96.109937
2507.4608,99.667286,96.132663
2505.531984,99.704565,96.145744
2503.603168,99.705504,96.177973
2501.674352,99.69808,96.21486
2499.745536,99.712473,96.246415
2497.81672,99.721013,96.27397
2495.887904,99.734696,96.332488
2493.959088,99.739414,96.364171
2492.030272,99.732074,96.36858
2490.101456,99.746737,96.394651
2488.17264,99.780613,96.450004
2486.243824,99.774449,96.470028
2484.315008,99.728155,96.473279
2482.386192,99.734288,96.48515
2480.457376,99.763577,96.507286
2478.52856,99.75602,96.525662
2476.599744,99.752194,96.577726
2474.670928,99.724875,96.623223
2472.742112,99.717431,96.630322
2470.813296,99.712312,96.647807
2468.88448,99.717469,96.676113
2466.955664,99.719636,96.696079
2465.026848,99.709615,96.696982
2463.098032,99.715128,96.709688
2461.169216,99.710161,96.727331
2459.2404,99.664522,96.723578
2457.311584,99.657495,96.770305
2455.382768,99.661365,96.827621
2453.453952,99.694299,96.838837
2451.525136,99.716019,96.835893
2449.59632,99.717588,96.866196
2447.667504,99.657478,96.863293
2445.738688,99.646745,96.881529
2443.809872,99.676235,96.943459
2441.881056,99.688748,96.985228
2439.95224,99.69223,96.976323
2438.023424,99.72884,96.989979
2436.094608,99.747463,97.041417
2434.165792,99.736659,97.096106
2432.236976,99.736238,97.138744
2430.30816,99.769895,97.161188
2428.379344,99.781901,97.159574
2426.450528,99.778631,97.169258
2424.521712,99.754302,97.172433
2422.592896,99.750651,97.200236
2420.66408,99.744771,97.206221
2418.735264,99.732341,97.17306
2416.806448,99.768162,97.223542
2414.877632,99.804739,97.317417
2412.948816,99.805197,97.342659
2411.02,99.816239,97.376628
2409.091184,99.843373,97.425204
2407.162368,99.861945,97.45168
2405.233552,99.841006,97.431542
2403.304736,99.810262,97.421366
2401.37592,99.844003,97.465495
2399.447104,99.825879,97.447798
2397.518288,99.766622,97.39379
2395.589472,99.753376,97.389059
2393.660656,99.741957,97.432132
2391.73184,99.728612,97.450305
2389.803024,99.713228,97.445782
2387.874208,99.659027,97.434529
2385.945392,99.539059,97.342044
2384.016576,99.312453,97.195123
2382.08776,98.980289,96.997815
2380.158944,98.596889,96.761822
2378.230128,98.169683,96.462212
2376.301312,97.684563,96.122267
2374.372496,97.140805,95.778021
2372.44368,96.539788,95.39692
2370.514864,95.918531,94.967919
2368.586048,95.257384,94.614118
2366.657232,94.603543,94.177124
2364.728416,94.134361,93.754555
2362.7996,93.812061,93.605843
2360.870784,93.552352,93.60717
2358.941968,93.548136,93.691034
2357.013152,93.797749,93.709516
2355.084336,94.232928,93.922267
2353.15552,94.874641,94.323845
2351.226704,95.666688,94.803131
2349.297888,96.371874,95.257876
2347.369072,96.469841,95.380388
2345.440256,95.974698,95.130769
2343.51144,95.453142,94.865008
2341.582624,95.26216,94.688862
2339.653808,95.342252,94.622924
2337.724992,95.42566,94.662224
2335.796176,95.520193,94.784959
2333.86736,95.631224,94.914027
2331.938544,95.644918,94.955083
2330.009728,95.670747,94.968842
2328.080912,95.850455,95.068418
2326.152096,96.060596,95.229466
2324.22328,96.217314,95.371943
2322.294464,96.383913,95.522194
2320.365648,96.589402,95.724451
2318.436832,96.89827,95.94857
2316.508016,97.226279,96.174893
2314.5792,97.459428,96.364711
2312.650384,97.619329,96.491266
2310.721568,97.766927,96.613729
2308.792752,97.95031,96.777517
2306.863936,98.161713,96.91278
2304.93512,98.35963,96.987891
2303.006304,98.510697,97.111176
2301.077488,98.609368,97.25702
2299.148672,98.76794,97.395288
2297.219856,98.885523,97.488382
2295.29104,98.981926,97.554053
2293.362224,99.108726,97.612396
2291.433408,99.222992,97.701316
2289.504592,99.328737,97.820601
2287.575776,99.422547,97.891218
2285.64696,99.48854,97.926388
2283.718144,99.556289,98.00827
2281.789328,99.628487,98.073826
2279.860512,99.598492,98.107531
2277.931696,99.593452,98.109889
2276.00288,99.618776,98.083948
2274.074064,99.582048,98.033778
2272.145248,99.583609,98.071458
2270.216432,99.591596,98.160969
2268.287616,99.551317,98.129388
2266.3588,99.531834,98.122957
2264.429984,99.561528,98.153
2262.501168,99.61004,98.174212
2260.572352,99.647624,98.20808
2258.643536,99.663241,98.223401
2256.71472,99.633168,98.255864
2254.785904,99.630236,98.25242
2252.857088,99.695894,98.291281
2250.928272,99.694094,98.258214
2248.999456,99.638439,98.203741
2247.07064,99.704001,98.301721
2245.141824,99.787801,98.389056
2243.213008,99.758717,98.321524
2241.284192,99.713579,98.236347
2239.355376,99.671435,98.247626
2237.42656,99.697459,98.339619
2235.497744,99.70611,98.308895
2233.568928,99.683775,98.253044
2231.640112,99.648563,98.303666
2229.711296,99.621003,98.335476
2227.78248,99.646983,98.301069
2225.853664,99.689029,98.369288
2223.924848,99.740112,98.513856
2221.996032,99.717384,98.494041
2220.067216,99.654796,98.380661
2218.1384,99.668137,98.418849
2216.209584,99.702404,98.540465
2214.280768,99.665424,98.558139
2212.351952,99.596949,98.502722
2210.423136,99.634169,98.49345
2208.49432,99.62632,98.447588
2206.565504,99.564334,98.428958
2204.636688,99.603999,98.480864
2202.707872,99.690219,98.528002
2200.779056,99.715381,98.498225
2198.85024,99.653992,98.446705
2196.921424,99.590248,98.422318
2194.992608,99.571941,98.4244
2193.063792,99.618605,98.480571
2191.134976,99.709637,98.591191
2189.20616,99.740479,98.632142
2187.277344,99.754364,98.603508
2185.348528,99.754107,98.590045
2183.419712,99.72065,98.622249
2181.490896,99.717259,98.651377
2179.56208,99.683537,98.580531
2177.633264,99.568468,98.518811
2175.704448,99.588762,98.597596
2173.775632,99.714815,98.67864
2171.846816,99.728858,98.633607
2169.918,99.67568,98.61984
2167.989184,99.647663,98.63528
2166.060368,99.600647,98.674014
2164.131552,99.563601,98.786433
2162.202736,99.584601,98.888569
2160.27392,99.603329,98.914708
2158.345104,99.673154,98.885527
2156.416288,99.662531,98.894591
2154.487472,99.636652,98.917671
2152.558656,99.713115,98.891913
2150.62984,99.655215,98.751095
2148.701024,99.643421,98.66134
2146.772208,99.671212,98.569439
2144.843392,99.637376,98.496282
2142.914576,99.60771,98.437514
2140.98576,99.620741,98.393072
2139.056944,99.632521,98.308444
2137.128128,99.608609,98.249794
2135.199312,99.598936,98.209188
2133.270496,99.598337,98.216721
2131.34168,99.590002,98.198769
2129.412864,99.599215,98.145343
2127.484048,99.648035,98.149172
2125.555232,99.685088,98.149497
2123.626416,99.649359,98.108108
2121.6976,99.663201,98.120596
2119.768784,99.649676,98.046632
2117.839968,99.613227,98.044816
2115.911152,99.621514,98.089086
2113.982336,99.618736,98.050337
2112.05352,99.587257,98.011752
2110.124704,99.573405,98.016845
2108.195888,99.597331,98.02542
2106.267072,99.592644,98.032806
2104.338256,99.64308,98.089929
2102.40944,99.699941,98.157478
2100.480624,99.631041,98.12709
2098.551808,99.570468,98.127383
2096.622992,99.540768,98.103593
2094.694176,99.555843,98.057733
2092.76536,99.603266,98.08482
2090.836544,99.604012,98.084604
2088.907728,99.596076,98.082406
2086.978912,99.587318,98.088728
2085.050096,99.55705,98.048239
2083.12128,99.572942,98.061559
2081.192464,99.628349,98.114602
2079.263648,99.661056,98.145816
2077.334832,99.671989,98.199451
2075.406016,99.695393,98.255515
2073.4772,99.666436,98.226766
2071.548384,99.62569,98.231165
2069.619568,99.596025,98.240819
2067.690752,99.580057,98.251824
2065.761936,99.596888,98.257709
2063.83312,99.638227,98.276616
2061.904304,99.66989,98.316229
2059.975488,99.678456,98.360225
2058.046672,99.706688,98.406373
2056.117856,99.676592,98.441869
2054.18904,99.624151,98.448702
2052.260224,99.625322,98.414418
2050.331408,99.654757,98.44605
2048.402592,99.685307,98.619896
2046.473776,99.698624,98.745646
2044.54496,99.657124,98.769498
2042.616144,99.641039,98.794712
2040.687328,99.728158,98.878943
2038.758512,99.691669,98.79933
2036.829696,99.629744,98.760736
2034.90088,99.669481,98.891203
2032.972064,99.682694,98.991289
2031.043248,99.650601,98.987506
2029.114432,99.649379,98.98608
2027.185616,99.64056,98.969965
2025.2568,99.714301,98.911753
2023.327984,99.683928,98.814973
2021.399168,99.644433,98.801773
2019.470352,99.622235,98.846522
2017.541536,99.579243,98.961192
2015.61272,99.61927,98.977298
2013.683904,99.671981,98.924406
2011.755088,99.616957,98.85512
2009.826272,99.692044,98.948327
2007.897456,99.789297,98.985283
2005.96864,99.73685,98.89207
2004.039824,99.637059,98.864806
2002.111008,99.677539,98.827111
2000.182192,99.765313,98.829015
1998.253376,99.763774,98.825904
1996.32456,99.776319,98.851261
1994.395744,99.723413,98.841181
1992.466928,99.556726,98.682955
1990.538112,99.553013,98.714993
1988.609296,99.643378,98.740014
1986.68048,99.703259,98.725118
1984.751664,99.708622,98.754012
1982.822848,99.724598,98.81949
1980.894032,99.788752,98.954203
1978.965216,99.855855,99.057307
1977.0364,99.86046,99.050928
1975.107584,99.877936,99.058828
1973.178768,99.860731,99.008133
1971.249952,99.849115,99.009739
1969.321136,99.839463,98.973357
1967.39232,99.754849,98.880938
1965.463504,99.751591,98.81204
1963.534688,99.814788,98.791785
1961.605872,99.766286,98.760489
1959.677056,99.679278,98.656286
1957.74824,99.581396,98.509055
1955.819424,99.553177,98.511696
1953.890608,99.580292,98.461596
1951.961792,99.556864,98.390054
1950.032976,99.496307,98.344446
1948.10416,99.541041,98.32555
1946.175344,99.483282,98.229691
1944.246528,99.437062,98.259158
1942.317712,99.395437,98.241293
1940.388896,99.42223,98.182864
1938.46008,99.509569,98.144927
1936.531264,99.606966,98.12693
1934.602448,99.571289,98.118315
1932.673632,99.52044,98.135595
1930.744816,99.491641,98.104058
1928.816,99.48907,98.080087
1926.887184,99.510422,98.070186
1924.958368,99.49888,98.065641
1923.029552,99.353552,97.955866
1921.100736,99.341894,97.890426
1919.17192,99.393649,97.927222
1917.243104,99.403751,97.933782
1915.314288,99.484785,97.997156
1913.385472,99.522747,98.053246
1911.456656,99.496581,97.964866
1909.52784,99.447401,97.89065
1907.599024,99.468212,97.936483
1905.670208,99.539086,97.976364
1903.741392,99.551721,97.948349
1901.812576,99.565167,97.956698
1899.88376,99.578264,97.992989
1897.954944,99.563902,97.99818
1896.026128,99.518682,97.951421
1894.097312,99.512133,97.958475
1892.168496,99.502337,97.952016
1890.23968,99.368234,97.86645
1888.310864,99.314394,97.827635
1886.382048,99.445511,97.911708
1884.453232,99.475676,97.932584
1882.524416,99.475073,97.968958
1880.5956,99.483192,97.980697
1878.666784,99.444934,97.95725
1876.737968,99.44559,97.936743
1874.809152,99.476937,97.923138
1872.880336,99.442996,97.904371
1870.95152,99.322147,97.861283
1869.022704,99.081316,97.693259
1867.093888,99.054773,97.661767
1865.165072,99.276104,97.810724
1863.236256,99.379065,97.855854
1861.30744,99.387362,97.844108
1859.378624,99.379013,97.868312
1857.449808,99.342285,97.879723
1855.520992,99.324636,97.880754
1853.592176,99.341145,97.868863
1851.66336,99.366157,97.848478
1849.734544,99.323158,97.808983
1847.805728,99.21876,97.749542
1845.876912,99.101352,97.708481
1843.948096,98.997823,97.665188
1842.01928,99.098842,97.66068
1840.090464,99.304478,97.757248
1838.161648,99.344557,97.777146
1836.232832,99.355972,97.784674
1834.304016,99.415409,97.845533
1832.3752,99.376211,97.81921
1830.446384,99.187448,97.680726
1828.517568,99.150131,97.635346
1826.588752,99.237322,97.680666
1824.659936,99.200344,97.643308
1822.73112,99.291077,97.681349
1820.802304,99.408768,97.768985
1818.873488,99.39479,97.764102
1816.944672,99.384186,97.741194
1815.015856,99.428083,97.752006
1813.08704,99.373871,97.695036
1811.158224,99.251989,97.592487
1809.229408,99.243586,97.591558
1807.300592,99.303857,97.63913
1805.371776,99.357753,97.637326
1803.44296,99.308175,97.562029
1801.514144,99.148209,97.42693
1799.585328,99.09729,97.37938
1797.656512,99.144494,97.402833
1795.727696,99.129005,97.380128
1793.79888,99.072017,97.320364
1791.870064,98.900281,97.18113
1789.941248,98.998233,97.201585
1788.012432,99.228288,97.310837
1786.083616,99.309977,97.289638
1784.1548,99.284726,97.198736
1782.225984,99.236224,97.106251
1780.297168,99.122204,96.993406
1778.368352,99.170218,96.987069
1776.439536,99.203236,96.909907
1774.51072,99.084415,96.735951
1772.581904,98.880639,96.460027
1770.653088,98.809356,96.194768
1768.724272,98.925592,96.080362
1766.795456,99.070202,95.903055
1764.86664,99.208863,95.681685
1762.937824,99.131174,95.32108
1761.009008,98.967448,94.786272
1759.080192,98.9747,94.357994
1757.151376,98.917475,93.909068
1755.22256,98.919217,93.367128
1753.293744,98.921148,92.915818
1751.364928,98.632587,92.230676
1749.436112,98.286864,91.34012
1747.507296,98.262593,90.670135
1745.57848,98.398178,90.199382
1743.649664,98.390337,89.651636
1741.720848,98.400769,89.12981
1739.792032,98.381005,88.610691
1737.863216,98.388785,88.112765
1735.9344,98.415323,87.853116
1734.005584,98.108781,87.366713
1732.076768,98.06078,86.873207
1730.147952,98.250997,86.829831
1728.219136,98.483422,86.820392
1726.29032,98.651664,86.830558
1724.361504,98.602463,86.708643
1722.432688,98.540245,86.615439
1720.503872,98.512874,86.590724
1718.575056,98.204505,86.488081
1716.64624,97.857778,86.225376
1714.717424,98.049802,86.353089
1712.788608,98.419062,86.703085
1710.859792,98.62097,87.044967
1708.930976,98.652535,87.283343
1707.00216,98.508776,87.460687
1705.073344,98.332642,87.648883
1703.144528,98.391576,87.983056
1701.215712,98.352584,88.30252
1699.286896,98.014399,88.533651
1697.35808,98.000869,88.772401
1695.429264,98.125605,89.219688
1693.500448,98.49176,89.746733
1691.571632,98.694424,90.153919
1689.642816,98.572033,90.355045
1687.714,98.459357,90.500969
1685.785184,98.335891,90.579575
1683.856368,97.874452,90.443942
1681.927552,98.004107,90.595705
1679.998736,98.260279,90.863026
1678.06992,98.44807,91.029625
1676.141104,98.443782,91.0687
1674.212288,98.279997,90.920229
1672.283472,98.273824,90.880959
1670.354656,98.126949,90.768075
1668.42584,98.036764,90.593467
1666.497024,98.270014,90.643077
1664.568208,98.384179,90.664765
1662.639392,98.22527,90.435443
1660.710576,98.240094,90.31804
1658.78176,98.368623,90.315205
1656.852944,98.309779,90.198403
1654.924128,97.997201,89.966032
1652.995312,97.39569,89.540133
1651.066496,97.591867,89.458717
1649.13768,97.822589,89.619286
1647.208864,97.576456,89.485646
1645.280048,97.65779,89.499893
1643.351232,98.038981,89.754135
1641.422416,98.204475,89.931016
1639.4936,98.190731,89.977339
1637.564784,97.992775,89.937139
1635.635968,97.65551,89.822152
1633.707152,97.862238,90.09096
1631.778336,98.2115,90.442367
1629.84952,98.327726,90.684784
1627.920704,98.238841,90.825184
1625.991888,98.219219,91.020262
1624.063072,98.132648,91.175322
1622.134256,98.061849,91.408143
1620.20544,98.236435,91.720533
1618.276624,98.254951,91.945297
1616.347808,98.052365,92.087612
1614.418992,98.1767,92.43527
1612.490176,98.382714,92.782745
1610.56136,98.391411,93.021059
1608.632544,98.32921,93.197665
1606.703728,98.359512,93.429416
1604.774912,98.422674,93.65031
1602.846096,98.415465,93.826586
1600.91728,98.443403,94.022821
1598.988464,98.501738,94.230775
1597.059648,98.495086,94.36574
1595.130832,98.456896,94.47681
1593.202016,98.482484,94.61068
1591.2732,98.50172,94.737978
1589.344384,98.51323,94.835975
1587.415568,98.555782,94.956509
1585.486752,98.581881,95.039896
1583.557936,98.604579,95.110985
1581.62912,98.617425,95.176933
1579.700304,98.598337,95.233758
1577.771488,98.435083,95.160408
1575.842672,98.17486,95.047507
1573.913856,98.349274,95.183837
1571.98504,98.555057,95.322987
1570.056224,98.391972,95.217172
1568.127408,98.333344,95.188512
1566.198592,98.504659,95.299872
1564.269776,98.534635,95.334214
1562.34096,98.542296,95.340208
1560.412144,98.240079,95.166279
1558.483328,97.380758,94.606585
1556.554512,97.832131,94.81511
1554.625696,98.224803,95.055148
1552.69688,98.464324,95.19396
1550.768064,98.47498,95.164687
1548.839248,98.468,95.138401
1546.910432,98.569273,95.198668
1544.981616,98.265744,94.988144
1543.0528,97.922017,94.745155
1541.123984,97.646172,94.589935
1539.195168,97.562009,94.54559
1537.266352,98.164695,94.916338
1535.337536,98.410914,95.076434
1533.40872,98.223683,94.948781
1531.479904,98.326958,94.99993
1529.551088,98.502248,95.105778
1527.622272,98.346877,94.968772
1525.693456,98.132572,94.802144
1523.76464,98.077374,94.7456
1521.835824,97.829266,94.589439
1519.907008,97.791687,94.558082
1517.978192,97.927772,94.590092
1516.049376,97.896851,94.505378
1514.12056,98.180263,94.685947
1512.191744,98.299025,94.761273
1510.262928,98.040592,94.539745
1508.334112,97.50197,94.13574
1506.405296,97.179408,93.912287
1504.47648,98.007132,94.40487
1502.547664,98.437298,94.622176
1500.618848,98.483113,94.601295
1498.690032,98.356885,94.449626
1496.761216,98.248525,94.2665
1494.8324,98.381157,94.226603
1492.903584,98.530103,94.229072
1490.974768,98.23738,93.932423
1489.045952,97.855081,93.493725
1487.117136,98.068648,93.412074
1485.18832,98.389829,93.384051
1483.259504,98.526807,93.224536
1481.330688,98.447682,92.896392
1479.401872,98.389795,92.527338
1477.473056,98.252135,92.088505
1475.54424,97.926582,91.46007
1473.615424,97.584971,90.799896
1471.686608,97.351679,90.00436
1469.757792,97.634302,89.607855
1467.828976,97.780771,89.257106
1465.90016,97.654249,88.723893
1463.971344,97.470483,88.071242
1462.042528,97.581945,87.731119
1460.113712,97.504748,87.40722
1458.184896,97.01308,86.882997
1456.25608,96.618656,86.36729
1454.327264,97.037419,86.480299
1452.398448,97.365705,86.648968
1450.469632,97.48827,86.701815
1448.540816,97.431885,86.650982
1446.612,97.390895,86.574152
1444.683184,97.544399,86.579026
1442.754368,97.596917,86.507609
1440.825552,97.574296,86.363258
1438.896736,97.491145,86.191594
1436.96792,97.172744,85.83797
1435.039104,97.041732,85.501455
1433.110288,97.257075,85.450638
1431.181472,97.275756,85.317216
1429.252656,97.197657,85.077858
1427.32384,97.269816,84.941055
1425.395024,97.250255,84.770402
1423.466208,97.077227,84.475273
1421.537392,97.129541,84.333333
1419.608576,96.921222,84.067083
1417.67976,96.662094,83.682085
1415.750944,96.972289,83.718377
1413.822128,97.214786,83.787272
1411.893312,97.218826,83.734201
1409.964496,97.209352,83.690382
1408.03568,97.271132,83.718801
1406.106864,97.208612,83.718266
1404.178048,97.105287,83.745832
1402.249232,97.211907,83.932203
1400.320416,97.190016,84.062473
1398.3916,96.984574,84.087057
1396.462784,96.941706,84.205322
1394.533968,96.937967,84.3364
1392.605152,97.131957,84.532638
1390.676336,97.291803,84.651539
1388.74752,97.205696,84.554516
1386.818704,97.016062,84.281108
1384.889888,97.0939,84.141203
1382.961072,97.191299,84.041494
1381.032256,97.16037,83.834697
1379.10344,97.088847,83.580484
1377.174624,97.006281,83.332157
1375.245808,96.83512,83.02992
1373.316992,96.719418,82.705237
1371.388176,96.877261,82.566669
1369.45936,96.912162,82.453715
1367.530544,96.905009,82.372389
1365.601728,96.938101,82.381539
1363.672912,96.755819,82.303814
1361.744096,96.608563,82.245824
1359.81528,96.778312,82.354431
1357.886464,96.912413,82.434002
1355.957648,96.952935,82.419848
1354.028832,96.96765,82.396783
1352.100016,97.007846,82.391328
1350.1712,97.025948,82.365034
1348.242384,97.04728,82.342838
1346.313568,97.091537,82.334634
1344.384752,97.102123,82.283795
1342.455936,97.025974,82.175568
1340.52712,96.792166,81.936086
1338.598304,96.655965,81.718257
1336.669488,96.824076,81.736219
1334.740672,96.992069,81.815782
1332.811856,97.101218,81.899145
1330.88304,97.153775,82.013997
1328.954224,97.191551,82.16523
1327.025408,97.212535,82.358896
1325.096592,97.241714,82.596442
1323.167776,97.277329,82.868791
1321.23896,97.286094,83.133746
1319.310144,97.251935,83.353593
1317.381328,97.264254,83.558716
1315.452512,97.325457,83.794417
1313.523696,97.35171,83.983503
1311.59488,97.413334,84.11392
1309.666064,97.48142,84.189227
1307.737248,97.455846,84.199121
1305.808432,97.444746,84.171842
1303.879616,97.450343,84.13838
1301.9508,97.457744,84.108369
1300.021984,97.450795,84.093605
1298.093168,97.442558,84.112986
1296.164352,97.446589,84.18425
1294.235536,97.481702,84.326711
1292.30672,97.501792,84.497876
1290.377904,97.498872,84.67257
1288.449088,97.480802,84.821452
1286.520272,97.5318,85.00192
1284.591456,97.575566,85.189989
1282.66264,97.585068,85.314366
1280.733824,97.607566,85.40436
1278.805008,97.643564,85.483596
1276.876192,97.644917,85.537252
1274.947376,97.641086,85.567242
1273.01856,97.636726,85.577912
1271.089744,97.635586,85.544531
1269.160928,97.643477,85.511686
1267.232112,97.657945,85.480923
1265.303296,97.678097,85.422274
1263.37448,97.710017,85.357182
1261.445664,97.696878,85.269894
1259.516848,97.668638,85.157559
1257.588032,97.679859,85.056353
1255.659216,97.684583,84.932206
1253.7304,97.661257,84.774701
1251.801584,97.632684,84.569995
1249.872768,97.612108,84.335209
1247.943952,97.608041,84.091663
1246.015136,97.592871,83.841715
1244.08632,97.577281,83.59656
1242.157504,97.553459,83.375577
1240.228688,97.534776,83.18043
1238.299872,97.53862,83.033243
1236.371056,97.555127,82.922346
1234.44224,97.574026,82.838286
1232.513424,97.598827,82.782773
1230.584608,97.617694,82.757626
1228.655792,97.639591,82.762772
1226.726976,97.669906,82.797426
1224.79816,97.692276,82.837928
1222.869344,97.72211,82.883178
1220.940528,97.754675,82.916172
1219.011712,97.753897,82.914426
1217.082896,97.757563,82.876533
1215.15408,97.747592,82.800119
1213.225264,97.71021,82.683483
1211.296448,97.682518,82.53603
1209.367632,97.682915,82.407323
1207.438816,97.666086,82.319794
1205.51,97.64976,82.27897
1203.581184,97.650553,82.315404
1201.652368,97.677883,82.44573
1199.723552,97.690088,82.646342
1197.794736,97.702531,82.908023
1195.86592,97.755731,83.249725
1193.937104,97.838002,83.641007
1192.008288,97.909488,84.048821
1190.079472,97.946417,84.417885
1188.150656,97.969116,84.747038
1186.22184,97.987149,85.046793
1184.293024,98.010137,85.331899
1182.364208,98.020677,85.576911
1180.435392,97.979241,85.728509
1178.506576,97.924448,85.807737
1176.57776,97.861782,85.795511
1174.648944,97.783754,85.64903
1172.720128,97.667993,85.315046
1170.791312,97.501768,84.712345
1168.862496,97.294619,83.758922
1166.93368,97.025224,82.41089
1165.004864,96.7097,80.673644
1163.076048,96.384048,78.624241
1161.147232,96.033872,76.342473
1159.218416,95.714126,74.010673
1157.2896,95.425878,71.817984
1155.360784,95.169578,69.929323
1153.431968,94.974596,68.504466
1151.503152,94.844782,67.630895
1149.574336,94.777519,67.334202
1147.64552,94.803039,67.606175
1145.716704,94.925912,68.379546
1143.787888,95.099449,69.496244
1141.859072,95.280001,70.799283
1139.930256,95.484862,72.153242
1138.00144,95.683234,73.417256
1136.072624,95.845669,74.435292
1134.143808,95.952363,75.106771
1132.214992,96.010663,75.39017
1130.286176,96.000962,75.295839
1128.35736,95.940535,74.940098
1126.428544,95.874208,74.476284
1124.499728,95.813678,73.996886
1122.570912,95.746779,73.566422
1120.642096,95.711915,73.212259
1118.71328,95.694744,72.897669
1116.784464,95.644647,72.554243
1114.855648,95.572769,72.155487
1112.926832,95.515657,71.708852
1110.998016,95.429882,71.20286
1109.0692,95.343248,70.672564
1107.140384,95.277469,70.182025
1105.211568,95.229121,69.777068
1103.282752,95.187953,69.582388
1101.353936,95.178981,69.635503
1099.42512,95.206988,69.955452
1097.496304,95.242938,70.443084
1095.567488,95.246892,70.882364
1093.638672,95.212037,71.039908
1091.709856,95.118355,70.789308
1089.78104,94.970222,70.041226
1087.852224,94.759853,68.784166
1085.923408,94.492271,67.091435
1083.994592,94.205164,65.140925
1082.065776,93.943455,63.147908
1080.13696,93.733311,61.380967
1078.208144,93.619912,60.204417
1076.279328,93.642655,59.992577
1074.350512,93.809203,60.949359
1072.421696,94.1262,62.896157
1070.49288,94.505299,65.138239
1068.564064,94.782412,66.864111
1066.635248,94.885563,67.626278
1064.706432,94.81693,67.411743
1062.777616,94.655496,66.46631
1060.8488,94.437114,65.072877
1058.919984,94.212396,63.491169
1056.991168,93.975399,61.909723
1055.062352,93.71978,60.388495
1053.133536,93.51385,58.998081
1051.20472,93.335836,57.718061
1049.275904,93.178027,56.553067
1047.347088,93.002482,55.464891
1045.418272,92.794769,54.394594
1043.489456,92.604555,53.35172
1041.56064,92.463828,52.392191
1039.631824,92.336418,51.527478
1037.703008,92.20258,50.694853
1035.774192,92.047206,49.801794
1033.845376,91.878195,48.788523
1031.91656,91.719378,47.58353
1029.987744,91.529113,46.189938
1028.058928,91.292419,44.684548
1026.130112,91.072411,43.197294
1024.201296,90.874575,41.834095
1022.27248,90.68072,40.682607
1020.343664,90.533834,39.794778
1018.414848,90.439977,39.184138
1016.486032,90.384866,38.886152
1014.557216,90.366679,38.928167
1012.6284,90.37443,39.228614
1010.699584,90.41407,39.683618
1008.770768,90.450316,40.137678
1006.841952,90.464975,40.47135
1004.913136,90.439943,40.588142
1002.98432,90.389751,40.490567
1001.055504,90.345294,40.237457
999.126688,90.325475,39.951667
997.197872,90.325629,39.790157
995.269056,90.337332,39.895828
993.34024,90.402183,40.394569
991.411424,90.537733,41.371762
989.482608,90.75475,42.848223
987.553792,91.024866,44.807333
985.624976,91.380998,47.190658
983.69616,91.829255,49.860814
981.767344,92.303363,52.626355
979.838528,92.780996,55.322879
977.909712,93.244603,57.822366
975.980896,93.629035,60.077473
974.05208,93.970481,62.101506
972.123264,94.307351,63.96141
970.194448,94.611009,65.681116
968.265632,94.855587,67.262596
966.336816,95.091933,68.737297
964.408,95.302312,70.086315
962.479184,95.478898,71.319325
960.550368,95.636429,72.426153
958.621552,95.769267,73.390707
956.692736,95.903884,74.217672
954.76392,95.999425,74.825573
952.835104,96.034345,75.131988
950.906288,96.004521,75.042163
948.977472,95.978031,74.678009
947.048656,95.929555,74.229669
945.11984,95.802507,73.701687
943.191024,95.689274,73.113931
941.262208,95.579116,72.551291
939.333392,95.446928,72.053891
937.404576,95.326875,71.601098
935.47576,95.259391,71.194199
933.546944,95.187893,70.872417
931.618128,95.128348,70.68109
929.689312,95.116489,70.584657
927.760496,95.172673,70.542211
925.83168,95.203246,70.622915
923.902864,95.224762,70.840695
921.974048,95.260671,71.219227
920.045232,95.390138,71.767076
918.116416,95.516362,72.430999
916.1876,95.590563,73.172742
914.258784,95.695962,73.924473
912.329968,95.830882,74.573374
910.401152,95.944887,75.192501
908.472336,96.040122,75.783591
906.54352,96.124834,76.241943
904.614704,96.185801,76.649516
902.685888,96.253196,77.058759
900.757072,96.31402,77.448492
898.828256,96.360716,77.778264
896.89944,96.423159,78.078389
894.970624,96.468091,78.395676
893.041808,96.494765,78.720444
891.112992,96.548084,79.013802
889.184176,96.642098,79.348984
887.25536,96.699531,79.637368
885.326544,96.695875,79.828074
883.397728,96.744317,79.975518
881.468912,96.776611,80.007018
879.540096,96.761534,79.844511
877.61128,96.702716,79.505937
875.682464,96.600273,79.021438
873.753648,96.518429,78.388819
871.824832,96.441654,77.659093
869.896016,96.252881,76.861909
867.9672,96.067101,76.052792
866.038384,95.980673,75.327112
864.109568,95.847897,74.691269
862.180752,95.738785,74.22847
860.251936,95.729711,73.988708
858.32312,95.768288,73.916983
856.394304,95.780621,73.940289
854.465488,95.773125,73.997181
852.536672,95.781096,74.064594
850.607856,95.772593,74.165258
848.67904,95.767151,74.270094
846.750224,95.786779,74.41146
844.821408,95.81912,74.606425
842.892592,95.832416,74.824662
840.963776,95.868448,75.115344
839.03496,95.914479,75.530901
837.106144,95.96347,75.990187
835.177328,96.059786,76.448764
833.248512,96.169609,76.911257
831.319696,96.268498,77.320563
829.39088,96.345183,77.640317
827.462064,96.374723,77.827919
825.533248,96.409015,77.947749
823.604432,96.39189,78.030996
821.675616,96.346489,78.026462
819.7468,96.354635,77.983661
817.817984,96.425776,77.962881
815.889168,96.440306,77.899461
813.960352,96.393598,77.774247
812.031536,96.38166,77.652574
810.10272,96.382067,77.569966
808.173904,96.35699,77.442577
806.245088,96.348875,77.27554
804.316272,96.301112,77.089893
802.387456,96.242949,76.868754
800.45864,96.264561,76.613614
798.529824,96.172581,76.308142
796.601008,96.095687,75.99634
794.672192,96.066739,75.738051
792.743376,96.031842,75.52342
790.81456,95.96515,75.301578
788.885744,95.890192,75.079664
786.956928,95.860905,74.889145
785.028112,95.860562,74.717866
783.099296,95.828277,74.508859
781.17048,95.753259,74.241047
779.241664,95.671279,73.910288
777.312848,95.635598,73.529522
775.384032,95.559078,73.08312
773.455216,95.438398,72.560948
771.5264,95.353957,71.982388
769.597584,95.223326,71.337061
767.668768,95.098871,70.629289
765.739952,94.994851,69.894313
763.811136,94.896757,69.290853
761.88232,94.806352,68.872358
759.953504,94.793307,68.648795
758.024688,94.849046,68.692963
756.095872,94.858497,68.938114
754.167056,94.882616,69.297466
752.23824,94.953287,69.715989
750.309424,95.038508,70.203123
748.380608,95.153069,70.64778
746.451792,95.212321,70.905458
744.522976,95.189863,71.091585
742.59416,95.184895,71.276833
740.665344,95.274023,71.353632
738.736528,95.330516,71.312262
736.807712,95.212449,71.173423
734.878896,95.089863,71.066289
732.95008,95.084067,70.906788
731.021264,95.053843,70.653072
729.092448,95.000637,70.435975
727.163632,94.954041,70.225726
725.234816,94.93293,69.888659
723.306,94.865316,69.529266
721.377184,94.601048,69.053137
719.448368,94.382842,68.547161
717.519552,94.451591,68.191543
715.590736,94.464868,67.753567
713.66192,94.378848,67.208386
711.733104,94.345572,66.72446
709.804288,94.290225,66.243465
707.875472,94.177418,65.794125
705.946656,94.144219,65.55449
704.01784,94.099914,65.50848
702.089024,94.105068,65.559572
700.160208,94.10319,65.651336
698.231392,94.016319,65.792022
696.302576,93.934599,65.954172
694.37376,93.926547,66.014962
692.444944,93.94658,65.974982
690.516128,93.890262,65.922696
688.587312,93.713145,65.840535
686.658496,93.620853,65.705745
684.72968,93.657998,65.56771
682.800864,93.663621,65.441949
680.872048,93.673582,65.307942
678.943232,93.749576,65.202405
677.014416,93.702463,65.041716
675.0856,93.696206,64.687143
673.156784,93.74696,64.614791
671.227968,93.492143,64.695659
669.299152,92.740406,64.493418
667.370336,92.877281,64.44114
665.44152,93.717659,64.93197
663.512704,93.800455,65.004789
661.583888,93.772326,64.852487
659.655072,93.679679,64.965846
657.726256,93.655251,65.040054
655.79744,93.60313,65.006541
653.868624,93.595264,65.00847
651.939808,93.649812,65.064625
650.010992,93.623971,65.084946
648.082176,93.612173,65.20423
646.15336,93.697934,65.455907
644.224544,93.8206,65.81191
642.295728,93.949252,66.069331
640.366912,94.06518,66.347891
638.438096,94.047631,66.680505
636.50928,94.067773,66.854976
634.580464,94.252308,66.8985
632.651648,94.4064,67.027926
630.722832,94.335033,67.197452
628.794016,94.234207,67.416164
626.8652,94.420926,67.828384
624.936384,94.66328,68.457334
623.007568,94.695668,68.803239
621.078752,94.419823,69.085776
619.149936,94.001011,68.944309
617.22112,94.070449,68.829132
615.292304,94.437534,68.870884
613.363488,94.106373,68.328922
611.434672,93.71926,67.501578
609.505856,93.875314,66.994802
607.57704,93.873951,66.211237
605.648224,93.781878,65.632547
603.719408,93.876491,65.447294
601.790592,93.798289,65.422694
599.861776,93.867735,65.455703
597.93296,94.217322,65.780995
596.004144,94.406106,66.358365
594.075328,94.476019,67.28542
592.146512,94.455722,68.030229
590.217696,94.229063,68.234943
588.28888,94.406496,68.491831
586.360064,94.405829,68.595474
584.431248,94.666454,69.508125
582.502432,94.831545,70.367562
580.573616,94.362551,70.650102
578.6448,94.075563,71.346684
576.715984,94.086511,71.54139
574.787168,94.23861,71.587394
572.858352,95.27645,72.62293
570.929536,95.785253,73.751161
569.00072,95.521463,73.939943
567.071904,94.988615,73.786336
565.143088,95.427936,74.453929
563.214272,95.955192,75.0198
561.285456,95.904333,75.191485
559.35664,96.437779,75.540524
557.427824,96.29929,75.687226
555.499008,95.572805,75.977111
553.570192,96.112584,77.171333
551.641376,96.643444,78.93262
549.71256,96.364785,79.779891
547.783744,96.297726,81.193629
545.854928,96.508703,81.555689
543.926112,97.102155,81.988609
541.997296,97.480682,83.573118
540.06848,96.879338,85.608181
538.139664,96.164116,86.487576
536.210848,98.143885,88.363216
534.282032,98.160895,88.506665
532.353216,97.46697,88.71002
530.4244,97.961274,90.155993
528.495584,98.695974,91.702848
526.566768,99.167814,93.072449
524.637952,100.045446,96.091568
522.709136,99.60692,97.953748
520.78032,100.527826,100.652201
518.851504,103.459972,103.830279
516.922688,105.265429,106.357571
514.993872,103.192417,102.786107
513.065056,101.559778,104.336905
511.13624,100.775473,106.239414
509.207424,101.513341,105.719589
507.278608,102.140792,105.405885
505.349792,101.412208,105.478287
503.420976,101.226603,105.171423
501.49216,100.650229,104.610411
499.563344,103.860067,106.632834
497.634528,106.459948,107.461864
495.705712,103.710965,103.812174
493.776896,106.168213,105.184648
491.84808,110.642946,111.520173
489.919264,107.414342,112.755531
487.990448,102.390636,109.395804
486.061632,106.290164,112.179197
484.132816,108.080177,109.361124
482.204,104.607602,108.22856
480.275184,104.461987,103.579799
478.346368,105.378229,104.631562
476.417552,109.198424,107.736771
474.488736,110.784838,107.003312
472.55992,106.098374,104.668637
470.631104,102.651088,104.712588
468.702288,104.17798,109.296748
466.773472,107.397666,111.459033
464.844656,110.582451,109.937026
462.91584,114.657513,112.159189
460.987024,114.965472,113.565716
459.058208,111.569753,111.730807
457.129392,105.9589,105.159049
455.200576,104.034752,106.739229
453.27176,102.047757,109.888206
451.342944,99.657089,110.799791
449.414128,104.391482,114.004726
447.485312,109.184955,107.580382
445.556496,104.916725,98.871483
443.62768,107.428948,107.118366
441.698864,109.229663,115.990623
439.770048,104.083833,111.988668
437.841232,100.229962,108.047843
435.912416,101.310053,106.065854
433.9836,101.238154,97.889156
432.054784,103.961918,94.418794
430.125968,109.571838,103.070338
428.197152,108.446776,109.907123
426.268336,103.131428,101.580207
424.33952,103.682915,94.977654
422.410704,102.690265,94.254967
420.481888,104.848825,101.738697
418.553072,98.933787,90.559135
416.624256,100.557657,90.813659
414.69544,108.310026,94.439205
412.766624,108.87492,87.626632
410.837808,110.095366,88.72897
408.908992,113.822345,98.212225
406.980176,108.13738,100.775578
405.05136,105.128931,96.590489
403.122544,113.432481,95.072676
401.193728,115.660385,94.202261
399.264912,104.572329,81.851609